Input,Reading_level,Output
I'm so hype for the concert tonight.,Very Simple,I am very happy for the music show tonight.
I'm so hype for the concert tonight.,Moderate,I'm really excited for the concert tonight.
I'm so hype for the concert tonight.,Light,I'm really excited for the concert tonight.
Thanks a lot for your help.,Very Simple,Thank you for helping me.
Thanks a lot for your help.,Moderate,Thank you for your help.
Thanks a lot for your help.,Light,Thanks a lot for your help.
Yes. I would do anything to date Silva. No cap.,Very Simple,Yes. I really want to be with Silva.
Yes. I would do anything to date Silva. No cap.,Moderate,Yes. I would do anything to date Silva. No lie.
Yes. I would do anything to date Silva. No cap.,Light,Yes. I would do anything to date Silva. No cap.
Goofy ahh energy-log off.,Very Simple,This is silly. Please stop.
Goofy ahh energy-log off.,Moderate,Your absurd behavior suggests you should take a break from the internet.
Goofy ahh energy-log off.,Light,Goofy ahh energy-log off.
Sorry the delays caused trouble,Very Simple,Sorry the delay caused trouble
Sorry the delays caused trouble,Moderate,I’m sorry for the delay and any inconvenience caused
Sorry the delays caused trouble,Light,Sorry the delays caused trouble
Ensure that all safety rules are followed.,Very Simple,Let’s follow all the safety rules.
Ensure that all safety rules are followed.,Moderate,Make sure we follow all the safety rules properly.
Ensure that all safety rules are followed.,Light,Ensure that all safety rules are followed.
She ghosted me,Very Simple,She stopped talking to me.
She ghosted me,Moderate,She stopped replying to my messages.
She ghosted me,Light,She ghosted me
I'm totally wiped after a long day grind.,Very Simple,I am very tired today.
I'm totally wiped after a long day grind.,Moderate,"I’m really tired after a long, hard day."
I'm totally wiped after a long day grind.,Light,I'm totally wiped after a long day grind.
Thanks for being thorough,Very Simple,Thank you for doing it carefully.
Thanks for being thorough,Moderate,Thanks for doing everything carefully.
Thanks for being thorough,Light,Thanks for being thorough
My room is 99% clothes and I still have nothing to wear.,Very Simple,"I have lots of clothes, but I don’t know what to wear."
My room is 99% clothes and I still have nothing to wear.,Moderate,"I have so many clothes, but I still can’t decide what to wear."
My room is 99% clothes and I still have nothing to wear.,Light,My room is 99% clothes and I still have nothing to wear.
Hit me up when you can ,Very Simple,Please tell me.
Hit me up when you can ,Moderate,Contact me when you can.
Hit me up when you can ,Light,Hit me up when you can 
Keep our standards,Very Simple,Follow the rules.
Keep our standards,Moderate,Keep our standards
Keep our standards,Light,Keep our standards
"I'm so drained today, barely slept tbh.",Very Simple,I am very tired.
"I'm so drained today, barely slept tbh.",Moderate,"I'm very tired today, barely slept."
"I'm so drained today, barely slept tbh.",Light,"I'm so drained today, barely slept tbh."
I'm drained today and just wanna stay in bed all day lol,Very Simple,I am very tired.
I'm drained today and just wanna stay in bed all day lol,Moderate,I'm very tired today and just want to stay in bed all day
I'm drained today and just wanna stay in bed all day lol,Light,I'm drained today and just wanna stay in bed all day lol
Sorry for the delay,Very Simple,I am sorry
Sorry for the delay,Moderate,Sorry for the delay
Sorry for the delay,Light,Sorry for the delay
"Yo, I'm just finna hit up some coffee before I slide to school.",Very Simple,I want food or a drink.
"Yo, I'm just finna hit up some coffee before I slide to school.",Moderate,I'm just going to get coffee before I go to school.
"Yo, I'm just finna hit up some coffee before I slide to school.",Light,"Yo, I'm just finna hit up some coffee before I slide to school."
Can you give feedback on the changes,Very Simple,Please look at this.
Can you give feedback on the changes,Moderate,Can you give feedback on the changes
Can you give feedback on the changes,Light,Can you give feedback on the changes
The old house stood silently at the end of the narrow road.,Very Simple,The old house was quiet.
The old house stood silently at the end of the narrow road.,Moderate,The old house was quiet at the end of the small road.
The old house stood silently at the end of the narrow road.,Light,The old house stood silently at the end of the narrow road.
She could not ignore the strange feeling that someone was watching her.,Very Simple,She felt scared.
She could not ignore the strange feeling that someone was watching her.,Moderate,She felt like someone was watching her.
She could not ignore the strange feeling that someone was watching her.,Light,She could not ignore the strange feeling that someone was watching her.
The sky darkened as heavy clouds gathered above the town.,Very Simple,The sky got dark.
The sky darkened as heavy clouds gathered above the town.,Moderate,Dark clouds came over the town.
The sky darkened as heavy clouds gathered above the town.,Light,The sky darkened as heavy clouds gathered above the town.
He hesitated before opening the mysterious letter.,Very Simple,He waited before opening the letter.
He hesitated before opening the mysterious letter.,Moderate,He paused before opening the strange letter.
He hesitated before opening the mysterious letter.,Light,He hesitated before opening the mysterious letter.
Her heart raced as footsteps echoed behind her.,Very Simple,Her heart went fast.
Her heart raced as footsteps echoed behind her.,Moderate,She felt scared when she heard footsteps behind her.
Her heart raced as footsteps echoed behind her.,Light,Her heart raced as footsteps echoed behind her.
"The little boy wandered through the forest, searching for a way home.",Very Simple,The boy got lost in the woods.
"The little boy wandered through the forest, searching for a way home.",Moderate,The boy walked through the forest looking for home.
"The little boy wandered through the forest, searching for a way home.",Light,"The little boy wandered through the forest, searching for a way home."
The princess remained calm despite the danger around her.,Very Simple,The princess stayed calm.
The princess remained calm despite the danger around her.,Moderate,The princess stayed calm even though things were dangerous.
The princess remained calm despite the danger around her.,Light,The princess remained calm despite the danger around her.
The dragon guarded the treasure with fierce determination.,Very Simple,The dragon kept the treasure safe.
The dragon guarded the treasure with fierce determination.,Moderate,The dragon strongly protected the treasure.
The dragon guarded the treasure with fierce determination.,Light,The dragon guarded the treasure with fierce determination.
The villagers celebrated after the long struggle ended.,Very Simple,The people were happy.
The villagers celebrated after the long struggle ended.,Moderate,The villagers celebrated because the hard time was over.
The villagers celebrated after the long struggle ended.,Light,The villagers celebrated after the long struggle ended.
A tiny spark of hope appeared in the darkness.,Very Simple,She felt a little hope.
A tiny spark of hope appeared in the darkness.,Moderate,There was a small feeling of hope.
A tiny spark of hope appeared in the darkness.,Light,A tiny spark of hope appeared in the darkness.
Officials announced new safety measures after the incident.,Very Simple,Leaders made new safety rules.
Officials announced new safety measures after the incident.,Moderate,Officials shared new safety rules after what happened.
Officials announced new safety measures after the incident.,Light,Officials announced new safety measures after the incident.
The city is expected to experience heavy rainfall this weekend.,Very Simple,Lots of rain may come.
The city is expected to experience heavy rainfall this weekend.,Moderate,The city may get heavy rain this weekend.
The city is expected to experience heavy rainfall this weekend.,Light,The city is expected to experience heavy rainfall this weekend.
Experts warned that prices may continue to rise.,Very Simple,Things may cost more.
Experts warned that prices may continue to rise.,Moderate,Experts said prices might keep going up.
Experts warned that prices may continue to rise.,Light,Experts warned that prices may continue to rise.
The government introduced a plan to improve public transportation.,Very Simple,Leaders made a bus and train plan.
The government introduced a plan to improve public transportation.,Moderate,The government made a plan to make buses and trains better.
The government introduced a plan to improve public transportation.,Light,The government introduced a plan to improve public transportation.
Residents expressed concern about the sudden increase in traffic.,Very Simple,People did not like the busy roads.
Residents expressed concern about the sudden increase in traffic.,Moderate,People were worried because traffic got worse quickly.
Residents expressed concern about the sudden increase in traffic.,Light,Residents expressed concern about the sudden increase in traffic.
The latest fashion trend combines comfort with elegance.,Very Simple,New clothes are comfy and pretty.
The latest fashion trend combines comfort with elegance.,Moderate,The new fashion trend is both comfortable and stylish.
The latest fashion trend combines comfort with elegance.,Light,The latest fashion trend combines comfort with elegance.
Many readers are embracing healthier daily habits.,Very Simple,People are doing healthy things.
Many readers are embracing healthier daily habits.,Moderate,Many people are choosing healthier habits each day.
Many readers are embracing healthier daily habits.,Light,Many readers are embracing healthier daily habits.
This simple design can transform an ordinary room.,Very Simple,This can make a room look nice.
This simple design can transform an ordinary room.,Moderate,This design can make a normal room look much better.
This simple design can transform an ordinary room.,Light,This simple design can transform an ordinary room.
The article highlights the importance of mental well-being.,Very Simple,The article says feelings matter.
The article highlights the importance of mental well-being.,Moderate,The article explains why mental health is important.
The article highlights the importance of mental well-being.,Light,The article highlights the importance of mental well-being.
Travelers are searching for peaceful destinations away from crowded cities.,Very Simple,People want quiet places to visit.
Travelers are searching for peaceful destinations away from crowded cities.,Moderate,Travelers want calm places away from busy cities.
Travelers are searching for peaceful destinations away from crowded cities.,Light,Travelers are searching for peaceful destinations away from crowded cities.
The situation became increasingly complicated.,Very Simple,It got harder.
The situation became increasingly complicated.,Moderate,The situation became more difficult to understand.
The situation became increasingly complicated.,Light,The situation became increasingly complicated.
She made a remarkable recovery after several weeks,Very Simple,She got much better.
She made a remarkable recovery after several weeks,Moderate,She recovered very well after a few weeks.
She made a remarkable recovery after several weeks,Light,She made a remarkable recovery after several weeks
"His explanation was clear, but the problem remained unresolved.",Very Simple,"He explained clearly, but the problem was not fixed."
"His explanation was clear, but the problem remained unresolved.",Moderate,"His explanation was clear, but the problem remained unresolved."
The decision had a significant effect on the community.,Very Simple,The choice changed things for people.
The decision had a significant effect on the community.,Moderate,The decision had an important effect on the community.
The decision had a significant effect on the community.,Light,The decision had a significant effect on the community.
They worked together to prevent further damage.,Very Simple,They helped stop more bad things.
They worked together to prevent further damage.,Moderate,They worked as a team to stop more damage.
They worked together to prevent further damage.,Light,They worked together to prevent further damage.
The evidence revealed a surprising truth.,Very Simple,The proof showed something surprising.
The evidence revealed a surprising truth.,Moderate,The evidence showed something unexpected
The evidence revealed a surprising truth.,Light,The evidence revealed a surprising truth.
She struggled to express how she truly felt.,Very Simple,She had a hard time saying her feelings.
She struggled to express how she truly felt.,Moderate,She found it hard to explain her real feelings.
She struggled to express how she truly felt.,Light,She struggled to express how she truly felt.
The peaceful morning was interrupted by a sudden noise.,Very Simple,A loud sound stopped the quiet morning.
The peaceful morning was interrupted by a sudden noise.,Moderate,A sudden noise broke the peaceful morning.
The peaceful morning was interrupted by a sudden noise.,Light,The peaceful morning was interrupted by a sudden noise.
"He remained silent, unsure of what to say next.",Very Simple,He was quiet. He did not know what to say.
"He remained silent, unsure of what to say next.",Moderate,He stayed quiet because he did not know what to say.
"He remained silent, unsure of what to say next.",Light,"He remained silent, unsure of what to say next."
The project requires careful planning and strong teamwork.,Very Simple,The work needs a plan and helpers.
The project requires careful planning and strong teamwork.,Moderate,The project needs good planning and teamwork
The project requires careful planning and strong teamwork.,Light,The project requires careful planning and strong teamwork.
"The storm arrived without warning, shaking the windows and filling the streets with water.",Very Simple,A big storm came. The windows shook. Water was on the road.
"The storm arrived without warning, shaking the windows and filling the streets with water.",Moderate,A storm came suddenly. It shook the windows and filled the streets with water.
"The storm arrived without warning, shaking the windows and filling the streets with water.",Light,"The storm arrived without warning, shaking the windows and filling the streets with water."
"After months of hard work, the team finally achieved its goal and celebrated the success.",Very Simple,The team worked hard. They did it! They were happy.
"After months of hard work, the team finally achieved its goal and celebrated the success.",Moderate,"After working hard for many months, the team reached its goal and celebrated."
"After months of hard work, the team finally achieved its goal and celebrated the success.",Light,"After months of hard work, the team finally achieved its goal and celebrated the success."
"Although she was nervous, Maya stepped onto the stage and delivered her speech with confidence.",Very Simple,Maya was scared. She went on stage. She spoke well.
"Although she was nervous, Maya stepped onto the stage and delivered her speech with confidence.",Moderate,"Maya felt nervous, but she went on stage and gave her speech confidently."
"Although she was nervous, Maya stepped onto the stage and delivered her speech with confidence.",Light,"Although she was nervous, Maya stepped onto the stage and delivered her speech with confidence."
The magazine article explains how small lifestyle changes can improve health over time.,Very Simple,The article says small good choices help your body.
The magazine article explains how small lifestyle changes can improve health over time.,Moderate,The article explains that small daily changes can make people healthier over time.
The magazine article explains how small lifestyle changes can improve health over time.,Light,The magazine article explains how small lifestyle changes can improve health over time.
The newspaper reported that local leaders are discussing ways to solve the housing problem.,Very Simple,The news says leaders are talking about homes.
The newspaper reported that local leaders are discussing ways to solve the housing problem.,Moderate,The newspaper said local leaders are talking about how to fix the housing problem.
The newspaper reported that local leaders are discussing ways to solve the housing problem.,Light,The newspaper reported that local leaders are discussing ways to solve the housing problem.
The silence in the room made everyone uncomfortable.,Very Simple,The room was too quiet.
The silence in the room made everyone uncomfortable.,Moderate,The room was so quiet that everyone felt uneasy.
The silence in the room made everyone uncomfortable.,Light,The silence in the room made everyone uncomfortable.
She carefully examined the old photograph.,Very Simple,She looked at the old picture.
She carefully examined the old photograph.,Moderate,She looked closely at the old photograph.
She carefully examined the old photograph.,Light,She carefully examined the old photograph.
A cold wind swept through the empty street.,Very Simple,Cold wind blew on the street.
A cold wind swept through the empty street.,Moderate,A cold wind blew through the empty street.
A cold wind swept through the empty street.,Light,A cold wind swept through the empty street.
He tried to hide his disappointment.,Very Simple,He tried not to look sad.
He tried to hide his disappointment.,Moderate,He tried not to show that he was disappointed.
He tried to hide his disappointment.,Light,He tried to hide his disappointment.
The distant sound of music filled the night air.,Very Simple,Music played far away.
The distant sound of music filled the night air.,Moderate,Music could be heard from far away at night.
The distant sound of music filled the night air.,Light,The distant sound of music filled the night air.
The brave child refused to give up.,Very Simple,The child kept trying.
The brave child refused to give up.,Moderate,The brave child did not stop trying.
The brave child refused to give up.,Light,The brave child refused to give up.
The tiny boat drifted across the quiet lake.,Very Simple,The little boat moved on the lake.
The tiny boat drifted across the quiet lake.,Moderate,The small boat slowly moved across the calm lake.
The tiny boat drifted across the quiet lake.,Light,The tiny boat drifted across the quiet lake.
The king made a difficult decision for his people.,Very Simple,The king made a hard choice.
The king made a difficult decision for his people.,Moderate,The king made a difficult choice to help his people.
The king made a difficult decision for his people.,Light,The king made a difficult decision for his people.
The hidden door led to a secret room.,Very Simple,The door went to a secret room.
The hidden door led to a secret room.,Moderate,The hidden door opened into a secret room.
The hidden door led to a secret room.,Light,The hidden door led to a secret room.
The animals gathered near the river at sunset.,Very Simple,The animals came to the river.
The animals gathered near the river at sunset.,Moderate,The animals came together near the river when the sun went down.
The animals gathered near the river at sunset.,Light,The animals gathered near the river at sunset.
The investigation is still ongoing.,Very Simple,People are still checking.
The investigation is still ongoing.,Moderate,The investigation is still happening.
The investigation is still ongoing.,Very Simple,The investigation is still ongoing.
Several roads were closed due to severe weather.,Moderate,Some roads were closed because of bad weather.
Several roads were closed due to severe weather.,Light,Several roads were closed because the weather was very bad.
Several roads were closed due to severe weather.,Very Simple,Several roads were closed due to severe weather.
The new policy will affect thousands of families.,Moderate,The new rule will change things for many families.
The new policy will affect thousands of families.,Light,The new policy will have an effect on many families.
The new policy will affect thousands of families.,Very Simple,The new policy will affect thousands of families.
Local businesses reported a rise in customers.,Moderate,Shops got more people.
Local businesses reported a rise in customers.,Light,Local businesses said more customers came in.
Local businesses reported a rise in customers.,Very Simple,Local businesses reported a rise in customers.
Officials are preparing for possible flooding.,Moderate,Leaders are getting ready for too much water.
Officials are preparing for possible flooding.,Light,Officials are getting ready in case flooding happens.
Officials are preparing for possible flooding.,Very Simple,Officials are preparing for possible flooding.
The article explores simple ways to reduce stress.,Moderate,The article tells how to feel calm.
The article explores simple ways to reduce stress.,Light,The article explains easy ways to lower stress.
The article explores simple ways to reduce stress.,Very Simple,The article explores simple ways to reduce stress.
Bright colors can create a cheerful atmosphere.,Moderate,Bright colors make a place happy.
Bright colors can create a cheerful atmosphere.,Light,Bright colors can make a room feel happier.
Bright colors can create a cheerful atmosphere.,Very Simple,Bright colors can create a cheerful atmosphere.
Many young people are interested in sustainable fashion.,Moderate,Many kids like clothes that help Earth.
Many young people are interested in sustainable fashion.,Light,Many young people like fashion that is better for the environment.
Many young people are interested in sustainable fashion.,Very Simple,Many young people are interested in sustainable fashion.
This recipe requires only a few basic ingredients.,Moderate,This food needs only a few things.
This recipe requires only a few basic ingredients.,Light,This recipe only needs a few simple ingredients.
This recipe requires only a few basic ingredients.,Very Simple,This recipe requires only a few basic ingredients.
Experts suggest taking short breaks during long study sessions.,Moderate,Take little breaks when you study
Experts suggest taking short breaks during long study sessions.,Light,Experts say short breaks can help during long study times.
Experts suggest taking short breaks during long study sessions.,Very Simple,Experts suggest taking short breaks during long study sessions.
The plan was successful because everyone worked together.,Moderate,The plan worked because everyone helped.
The plan was successful because everyone worked together.,Light,The plan succeeded because the team worked together.
The plan was successful because everyone worked together.,Very Simple,The plan was successful because everyone worked together.
She responded calmly during the emergency.,Moderate,She stayed calm
She responded calmly during the emergency.,Light,She answered and acted calmly during the emergency.
She responded calmly during the emergency.,Very Simple,She responded calmly during the emergency.
The result was better than expected.,Moderate,It was better than they thought.
The result was better than expected.,Light,The result was better than people expected.
The result was better than expected.,Very Simple,The result was better than expected.
He found it difficult to concentrate in the noisy room.,Moderate,It was hard to think because it was loud
He found it difficult to concentrate in the noisy room.,Light,He had trouble focusing because the room was noisy.
He found it difficult to concentrate in the noisy room.,Very Simple,He found it difficult to concentrate in the noisy room.
The teacher encouraged students to share their ideas.,Moderate,"The teacher said, “Tell your ideas.”"
The teacher encouraged students to share their ideas.,Light,The teacher asked students to share what they thought.
The teacher encouraged students to share their ideas.,Very Simple,The teacher encouraged students to share their ideas.
"The old library was filled with dusty books, quiet corners, and the faint smell of paper.",Moderate,The library had many old books. It was quiet.
"The old library was filled with dusty books, quiet corners, and the faint smell of paper.",Light,"The old library had dusty books, quiet places, and smelled like paper."
"The old library was filled with dusty books, quiet corners, and the faint smell of paper.",Very Simple,"The old library was filled with dusty books, quiet corners, and the faint smell of paper."
A sudden change in the weather forced the hikers to return home earlier than planned.,Moderate,The weather got bad. The hikers went home early.
A sudden change in the weather forced the hikers to return home earlier than planned.,Light,"The weather changed suddenly, so the hikers had to go home early."
A sudden change in the weather forced the hikers to return home earlier than planned.,Very Simple,A sudden change in the weather forced the hikers to return home earlier than planned.
The article explains why getting enough sleep is important for learning and staying healthy.,Moderate,Sleep helps your body and brain
The article explains why getting enough sleep is important for learning and staying healthy.,Light,The article says enough sleep helps people learn better and stay healthy.
The article explains why getting enough sleep is important for learning and staying healthy.,Very Simple,The article explains why getting enough sleep is important for learning and staying healthy.
"The young artist felt nervous before showing her painting, but the audience admired her work.",Moderate,The girl was scared to show her picture. People liked it.
"The young artist felt nervous before showing her painting, but the audience admired her work.",Light,"The young artist was nervous, but people liked and admired her painting."
"The young artist felt nervous before showing her painting, but the audience admired her work.",Very Simple,"The young artist felt nervous before showing her painting, but the audience admired her work."
The newspaper reported that the city will build more parks to give families safe places to play.,Moderate,The city will make more parks. Families can play there.
The newspaper reported that the city will build more parks to give families safe places to play.,Light,The newspaper said the city plans to build more parks for families.
The newspaper reported that the city will build more parks to give families safe places to play.,Very Simple,The newspaper reported that the city will build more parks to give families safe places to play.
"Although the task seemed complicated at first, the students completed it by working together.",Moderate,The work was hard. The students helped each other and finished.
"Although the task seemed complicated at first, the students completed it by working together.",Light,"The task seemed difficult at first, but the students finished it together."
"Although the task seemed complicated at first, the students completed it by working together.",Very Simple,"Although the task seemed complicated at first, the students completed it by working together."
"The magazine suggests drinking more water, eating healthy food, and moving your body every day.",Moderate,Drink water. Eat good food. Play and move.
"The magazine suggests drinking more water, eating healthy food, and moving your body every day.",Light,"The magazine says people should drink water, eat healthy food, and exercise daily."
"The magazine suggests drinking more water, eating healthy food, and moving your body every day.",Very Simple,"The magazine suggests drinking more water, eating healthy food, and moving your body every day."
The little village became famous after visitors discovered its beautiful gardens and friendly people.,Moderate,People liked the village. It had pretty gardens and nice people.
The little village became famous after visitors discovered its beautiful gardens and friendly people.,Light,The village became popular because of its beautiful gardens and friendly people.
The little village became famous after visitors discovered its beautiful gardens and friendly people.,Very Simple,The little village became famous after visitors discovered its beautiful gardens and friendly people.
"The boy searched everywhere for his missing toy, checking under the bed, behind the chair, and inside the closet.",Moderate,The boy looked for his toy. He checked many places.
"The boy searched everywhere for his missing toy, checking under the bed, behind the chair, and inside the closet.",Very Simple,"The boy looked everywhere for his missing toy, including under the bed and in the closet."
"The boy searched everywhere for his missing toy, checking under the bed, behind the chair, and inside the closet.",Moderate,"The boy searched everywhere for his missing toy, checking under the bed, behind the chair, and inside the closet."
The company announced a new project that could improve the way people use technology.,Light,The company made a new idea to help people.
The company announced a new project that could improve the way people use technology.,Very Simple,The company announced a project that may make technology easier to use.
The company announced a new project that could improve the way people use technology.,Moderate,The company announced a new project that could improve the way people use technology.
The situation became chaotic.,Light,Everything got messy.
The situation became chaotic.,Very Simple,The situation became confusing and out of control.
The situation became chaotic.,Moderate,The situation became chaotic.
She was astonished by the news.,Light,She was very surprised.
She was astonished by the news.,Very Simple,She was extremely surprised by the news.
She was astonished by the news.,Moderate,She was astonished by the news.
The evidence revealed the truth.,Light,The proof showed what happened.
The evidence revealed the truth.,Very Simple,The evidence showed what was true.
The evidence revealed the truth.,Moderate,The evidence revealed the truth.
abrupt,Light,very fast
abrupt,Very Simple,happening suddenly
abrupt,Moderate,abrupt
accuse,Light,say “you did it”
accuse,Very Simple,say someone did something wrong
accuse,Moderate,accuse
absurd,Light,very silly
absurd,Very Simple,silly or not reasonable
absurd,Moderate,absurd
admire,Light,like a lot
admire,Very Simple,respect or look up to someone
admire,Moderate,admire
ambitious,Light,wants to do big things
ambitious,Very Simple,strongly wants to succeed
ambitious,Moderate,ambitious
anxious,Light,worried
anxious,Very Simple,nervous
anxious,Moderate,anxious
apparent,Light,easy to see
apparent,Very Simple,easy to understand
apparent,Moderate,apparent
approach,Light,come closer
approach,Very Simple,a way to do something
approach,Moderate,approach
astonished,Light,very surprised
astonished,Very Simple,extremely surprised
astonished,Moderate,astonished
attempt,Light,try
attempt,Very Simple,an effort to do something
attempt,Moderate,attempt
awkward,Light,feels weird
awkward,Very Simple,uncomfortable
awkward,Moderate,awkward
bizarre,Light,very strange
bizarre,Very Simple,unusual
bizarre,Moderate,bizarre
chaotic,Light,messy
chaotic,Very Simple,confused
chaotic,Moderate,chaotic
collapse,Light,fall down
collapse,Very Simple,break down
collapse,Moderate,collapse
complicated,Light,hard
complicated,Very Simple,difficult to understand
complicated,Moderate,complicated
conclude,Light,finish
conclude,Very Simple,decide after thinking
conclude,Moderate,conclude
conflict,Light,fight
conflict,Very Simple,disagreements
conflict,Moderate,conflict
constant,Light,all the time
constant,Very Simple,hapenning again and again
constant,Moderate,constant
convince,Very Simple,make someone say yes
convince,Moderate,make someone believe
convince,Light,convince
curious,Very Simple,wants to know
curious,Moderate,interested and wanting to learn
curious,Light,curious
declare,Very Simple,say loudly
declare,Moderate,announce clearly
declare,Light,declare
decline,Very Simple,go down
decline,Moderate,become less
decline,Light,decline
delicate,Very Simple,easy to break
delicate,Moderate,needing gentle care
delicate,Light,delicate
determine,Very Simple,find out
determine,Moderate,decide
determine,Light,determine
dramatic,Very Simple,very big feeling
dramatic,Moderate,emotional
dramatic,Light,dramatic
elegant,Very Simple,very pretty
elegant,Moderate,graceful and stylish
elegant,Light,elegant
emerge,Very Simple,come out
emerge,Moderate,become know
emerge,Light,emerge
encounter,Very Simple,meet
encounter,Moderate,face something
encounter,Light,encounter
evidance,Very Simple,proof
evidance,Moderate,facts that show something is true
evidance,Light,evidance
frequent,Very Simple,happening many times
frequent,Moderate,often
frequent,Light,frequent
hesitate,Very Simple,wait a little
hesitate,Moderate,pause before doing something
hesitate,Light,hesitate
hostile,Very Simple,mean
hostile,Moderate,unfriendly
hostile,Light,hostile
imply,Very Simple,kind of say
imply,Moderate,suggest without saying directly
imply,Light,imply
influence,Very Simple,make someone change
influence,Moderate,affect how someone thinks or act
influence,Light,influence
initial,Very Simple,first
initial,Moderate,happening at the beginning
initial,Light,initial
innocent,Very Simple,did not do it
innocent,Moderate,not guilty or hamless
innocent,Light,innocent
intense,Very Simple,very strong
intense,Moderate,extreme
intense,Light,intense
investigate,Very Simple,look carefully
investigate,Moderate,search to find the truth
investigate,Light,investigate
major,Very Simple,big
major,Moderate,very important
major,Light,major
mysterious,Very Simple,secret
mysterious,Moderate,stranger and hard to explain
mysterious,Light,mysterious
obvious,Very Simple,easy to see
obvious,Moderate,very clear
obvious,Very Simple,obvious
ordinary,Moderate,noramal
ordinary,Light,not special
ordinary,Very Simple,ordinary
persuade,Moderate,talk someone into it
persuade,Light,convince someone to do 
persuade,Very Simple,persuade
predict,Moderate,guess what happens next
predict,Light,say me what happen in the future
predict,Very Simple,predict
prevent,Moderate,stop
prevent,Light,stop something when happening
prevent,Very Simple,prevent
rare,Moderate,not many
rare,Light,hard to find
rare,Very Simple,rare
realize,Moderate,know now
realize,Light,understand something clearly
realize,Very Simple,realize
remarkable,Moderate,wow
remarkable,Light,impressive
remarkable,Very Simple,remarkable
reveal,Moderate,show
reveal,Light,make something know
reveal,Very Simple,reveal
significant,Moderate,important
significant,Light,important
significant,Very Simple,significant
struggle,Moderate,have a hard time
struggle,Light,try hard with difficulty
struggle,Very Simple,struggle
suspicious,Moderate,feels not right
suspicious,Light,not trustworthy
suspicious,Very Simple,suspicious
temporary,Moderate,for a little while
temporary,Light,lasting only short time
temporary,Very Simple,temporary
tension,Moderate,bad feeling
tension,Light,stress or nervous feeling
tension,Very Simple,tension
transform,Moderate,change a lot
transform,Light,change completely
transform,Very Simple,transform
uncertain,Moderate,not sure
uncertain,Light,not know
uncertain,Very Simple,uncertain
urgent,Moderate,do it now
urgent,Light,needing quick action
urgent,Very Simple,urgent
vivid,Moderate,bright
vivid,Light,very clear 
vivid,Very Simple,vivid
accutare,Moderate,right
accutare,Light,correct
accutare,Very Simple,accurate
The ancient library became unusually silent as rain tapped against the windows.,Moderate,The old library felt quiet. Rain hit the windows.
The ancient library became unusually silent as rain tapped against the windows.,Light,The old library became strangely quiet as rain tapped on the windows.
The ancient library became unusually silent as rain tapped against the windows.,Very Simple,The ancient library became unusually silent as rain tapped against the windows.
The ancient library became strangely tense as footsteps echoed nearby.,Moderate,The old library felt not calm. Feet made sounds nearby.
The ancient library became strangely tense as footsteps echoed nearby.,Light,The old library became tense as footsteps sounded nearby.
The ancient library became strangely tense as footsteps echoed nearby.,Very Simple,The ancient library became strangely tense as footsteps echoed nearby.
The ancient library became peaceful and still as the sun disappeared behind the trees.,Moderate,The old library felt calm and quiet. The sun went down.
The ancient library became peaceful and still as the sun disappeared behind the trees.,Light,The old library became peaceful and still as the sun went behind the trees.
The ancient library became peaceful and still as the sun disappeared behind the trees.,Very Simple,The ancient library became peaceful and still as the sun disappeared behind the trees.
The ancient library became cold and unfamiliar as a strong wind moved through the air.,Moderate,The old library felt cold and strange. Wind blew.
The ancient library became cold and unfamiliar as a strong wind moved through the air.,Light,The old library became cold and unfamiliar as a strong wind blew through the air.
The ancient library became cold and unfamiliar as a strong wind moved through the air.,Very Simple,The ancient library became cold and unfamiliar as a strong wind moved through the air.
The ancient library became mysterious and quiet as a small light flickered in the distance.,Moderate,The old library felt secret and quiet. A little light blinked far away.
The ancient library became mysterious and quiet as a small light flickered in the distance.,Very Simple,The old library became mysterious and quiet as a small light blinked far away.
The ancient library became mysterious and quiet as a small light flickered in the distance.,Moderate,The ancient library became mysterious and quiet as a small light flickered in the distance.
The ancient library became dark and gloomy as heavy clouds covered the sky.,Light,The old library felt dark and sad. Big clouds covered the sky.
The ancient library became dark and gloomy as heavy clouds covered the sky.,Very Simple,The old library became dark and gloomy as heavy clouds covered the sky.
The ancient library became dark and gloomy as heavy clouds covered the sky.,Moderate,The ancient library became dark and gloomy as heavy clouds covered the sky.
The ancient library became warm and welcoming as soft music played from inside.,Light,The old library felt warm and nice. Soft music played.
The ancient library became warm and welcoming as soft music played from inside.,Very Simple,The old library became warm and welcoming as soft music played inside.
The ancient library became warm and welcoming as soft music played from inside.,Moderate,The ancient library became warm and welcoming as soft music played from inside.
The narrow hallway became unusually silent as rain tapped against the windows.,Light,The small hallway felt quiet. Rain hit the windows.
The narrow hallway became unusually silent as rain tapped against the windows.,Very Simple,The narrow hallway became strangely quiet as rain tapped on the windows.
The narrow hallway became unusually silent as rain tapped against the windows.,Moderate,The narrow hallway became unusually silent as rain tapped against the windows.
The narrow hallway became strangely tense as footsteps echoed nearby.,Light,The small hallway felt not calm. Feet made sounds nearby.
The narrow hallway became strangely tense as footsteps echoed nearby.,Very Simple,The narrow hallway became tense as footsteps sounded nearby.
The narrow hallway became strangely tense as footsteps echoed nearby.,Moderate,The narrow hallway became strangely tense as footsteps echoed nearby.
The narrow hallway became peaceful and still as the sun disappeared behind the trees.,Light,The small hallway felt calm and quiet. The sun went down.
The narrow hallway became peaceful and still as the sun disappeared behind the trees.,Very Simple,The narrow hallway became peaceful and still as the sun went behind the trees.
The narrow hallway became peaceful and still as the sun disappeared behind the trees.,Moderate,The narrow hallway became peaceful and still as the sun disappeared behind the trees.
The narrow hallway became cold and unfamiliar as a strong wind moved through the air.,Light,The small hallway felt cold and strange. Wind blew.
The narrow hallway became cold and unfamiliar as a strong wind moved through the air.,Very Simple,The narrow hallway became cold and unfamiliar as a strong wind blew through the air.
The narrow hallway became cold and unfamiliar as a strong wind moved through the air.,Moderate,The narrow hallway became cold and unfamiliar as a strong wind moved through the air.
The narrow hallway became mysterious and quiet as a small light flickered in the distance.,Light,The small hallway felt secret and quiet. A little light blinked far away.
The narrow hallway became mysterious and quiet as a small light flickered in the distance.,Very Simple,The narrow hallway became mysterious and quiet as a small light blinked far away.
The narrow hallway became mysterious and quiet as a small light flickered in the distance.,Moderate,The narrow hallway became mysterious and quiet as a small light flickered in the distance.
The narrow hallway became dark and gloomy as heavy clouds covered the sky.,Light,The small hallway felt dark and sad. Big clouds covered the sky.
The narrow hallway became dark and gloomy as heavy clouds covered the sky.,Very Simple,The narrow hallway became dark and gloomy as heavy clouds covered the sky.
The narrow hallway became dark and gloomy as heavy clouds covered the sky.,Moderate,The narrow hallway became dark and gloomy as heavy clouds covered the sky.
The narrow hallway became warm and welcoming as soft music played from inside.,Light,The small hallway felt warm and nice. Soft music played.
The narrow hallway became warm and welcoming as soft music played from inside.,Very Simple,The narrow hallway became warm and welcoming as soft music played inside.
The narrow hallway became warm and welcoming as soft music played from inside.,Moderate,The narrow hallway became warm and welcoming as soft music played from inside.
The empty classroom became unusually silent as rain tapped against the windows.,Light,The empty classroom felt quiet. Rain hit the windows.
The empty classroom became unusually silent as rain tapped against the windows.,Very Simple,The empty classroom became strangely quiet as rain tapped on the windows.
The empty classroom became unusually silent as rain tapped against the windows.,Moderate,The empty classroom became unusually silent as rain tapped against the windows.
The empty classroom became strangely tense as footsteps echoed nearby.,Light,The empty classroom felt not calm. Feet made sounds nearby.
The empty classroom became strangely tense as footsteps echoed nearby.,Very Simple,The empty classroom became tense as footsteps sounded nearby.
The empty classroom became strangely tense as footsteps echoed nearby.,Moderate,The empty classroom became strangely tense as footsteps echoed nearby.
The empty classroom became peaceful and still as the sun disappeared behind the trees.,Light,The empty classroom felt calm and quiet. The sun went down.
The empty classroom became peaceful and still as the sun disappeared behind the trees.,Very Simple,The empty classroom became peaceful and still as the sun went behind the trees.
The empty classroom became peaceful and still as the sun disappeared behind the trees.,Moderate,The empty classroom became peaceful and still as the sun disappeared behind the trees.
The empty classroom became cold and unfamiliar as a strong wind moved through the air.,Light,The empty classroom felt cold and strange. Wind blew.
The empty classroom became cold and unfamiliar as a strong wind moved through the air.,Very Simple,The empty classroom became cold and unfamiliar as a strong wind blew through the air.
The empty classroom became cold and unfamiliar as a strong wind moved through the air.,Moderate,The empty classroom became cold and unfamiliar as a strong wind moved through the air.
The empty classroom became mysterious and quiet as a small light flickered in the distance.,Light,The empty classroom felt secret and quiet. A little light blinked far away.
The empty classroom became mysterious and quiet as a small light flickered in the distance.,Very Simple,The empty classroom became mysterious and quiet as a small light blinked far away.
The empty classroom became mysterious and quiet as a small light flickered in the distance.,Moderate,The empty classroom became mysterious and quiet as a small light flickered in the distance.
The empty classroom became dark and gloomy as heavy clouds covered the sky.,Light,The empty classroom felt dark and sad. Big clouds covered the sky.
The empty classroom became dark and gloomy as heavy clouds covered the sky.,Very Simple,The empty classroom became dark and gloomy as heavy clouds covered the sky.
The empty classroom became dark and gloomy as heavy clouds covered the sky.,Moderate,The empty classroom became dark and gloomy as heavy clouds covered the sky.
The empty classroom became warm and welcoming as soft music played from inside.,Light,The empty classroom felt warm and nice. Soft music played.
The empty classroom became warm and welcoming as soft music played from inside.,Very Simple,The empty classroom became warm and welcoming as soft music played inside.
The empty classroom became warm and welcoming as soft music played from inside.,Moderate,The empty classroom became warm and welcoming as soft music played from inside.
The quiet garden became unusually silent as rain tapped against the windows.,Light,The quiet garden felt quiet. Rain hit the windows.
The quiet garden became unusually silent as rain tapped against the windows.,Very Simple,The quiet garden became strangely quiet as rain tapped on the windows.
The quiet garden became unusually silent as rain tapped against the windows.,Moderate,The quiet garden became unusually silent as rain tapped against the windows.
The quiet garden became strangely tense as footsteps echoed nearby.,Light,The quiet garden felt not calm. Feet made sounds nearby.
The quiet garden became strangely tense as footsteps echoed nearby.,Very Simple,The quiet garden became tense as footsteps sounded nearby.
The quiet garden became strangely tense as footsteps echoed nearby.,Moderate,The quiet garden became strangely tense as footsteps echoed nearby.
The quiet garden became peaceful and still as the sun disappeared behind the trees.,Light,The quiet garden felt calm and quiet. The sun went down.
The quiet garden became peaceful and still as the sun disappeared behind the trees.,Very Simple,The quiet garden became peaceful and still as the sun went behind the trees.
The quiet garden became peaceful and still as the sun disappeared behind the trees.,Moderate,The quiet garden became peaceful and still as the sun disappeared behind the trees.
The quiet garden became cold and unfamiliar as a strong wind moved through the air.,Light,The quiet garden felt cold and strange. Wind blew.
The quiet garden became cold and unfamiliar as a strong wind moved through the air.,Very Simple,The quiet garden became cold and unfamiliar as a strong wind blew through the air.
The quiet garden became cold and unfamiliar as a strong wind moved through the air.,Moderate,The quiet garden became cold and unfamiliar as a strong wind moved through the air.
The quiet garden became mysterious and quiet as a small light flickered in the distance.,Light,The quiet garden felt secret and quiet. A little light blinked far away.
The quiet garden became mysterious and quiet as a small light flickered in the distance.,Very Simple,The quiet garden became mysterious and quiet as a small light blinked far away.
The quiet garden became mysterious and quiet as a small light flickered in the distance.,Moderate,The quiet garden became mysterious and quiet as a small light flickered in the distance.
The quiet garden became dark and gloomy as heavy clouds covered the sky.,Light,The quiet garden felt dark and sad. Big clouds covered the sky.
The quiet garden became dark and gloomy as heavy clouds covered the sky.,Very Simple,The quiet garden became dark and gloomy as heavy clouds covered the sky.
The quiet garden became dark and gloomy as heavy clouds covered the sky.,Moderate,The quiet garden became dark and gloomy as heavy clouds covered the sky.
The quiet garden became warm and welcoming as soft music played from inside.,Very Simple,The quiet garden felt warm and nice. Soft music played.
The quiet garden became warm and welcoming as soft music played from inside.,Moderate,The quiet garden became warm and welcoming as soft music played inside.
The quiet garden became warm and welcoming as soft music played from inside.,Light,The quiet garden became warm and welcoming as soft music played from inside.
The weathered bridge became unusually silent as rain tapped against the windows.,Very Simple,The old bridge felt quiet. Rain hit the windows.
The weathered bridge became unusually silent as rain tapped against the windows.,Moderate,The old bridge became strangely quiet as rain tapped on the windows.
The weathered bridge became unusually silent as rain tapped against the windows.,Light,The weathered bridge became unusually silent as rain tapped against the windows.
The weathered bridge became strangely tense as footsteps echoed nearby.,Very Simple,The old bridge felt not calm. Feet made sounds nearby.
The weathered bridge became strangely tense as footsteps echoed nearby.,Moderate,The old bridge became tense as footsteps sounded nearby.
The weathered bridge became strangely tense as footsteps echoed nearby.,Light,The weathered bridge became strangely tense as footsteps echoed nearby.
The weathered bridge became peaceful and still as the sun disappeared behind the trees.,Very Simple,The old bridge felt calm and quiet. The sun went down.
The weathered bridge became peaceful and still as the sun disappeared behind the trees.,Moderate,The old bridge became peaceful and still as the sun went behind the trees.
The weathered bridge became peaceful and still as the sun disappeared behind the trees.,Light,The weathered bridge became peaceful and still as the sun disappeared behind the trees.
The weathered bridge became cold and unfamiliar as a strong wind moved through the air.,Very Simple,The old bridge felt cold and strange. Wind blew.
The weathered bridge became cold and unfamiliar as a strong wind moved through the air.,Moderate,The old bridge became cold and unfamiliar as a strong wind blew through the air.
The weathered bridge became cold and unfamiliar as a strong wind moved through the air.,Light,The weathered bridge became cold and unfamiliar as a strong wind moved through the air.
The weathered bridge became mysterious and quiet as a small light flickered in the distance.,Very Simple,The old bridge felt secret and quiet. A little light blinked far away.
The weathered bridge became mysterious and quiet as a small light flickered in the distance.,Moderate,The old bridge became mysterious and quiet as a small light blinked far away.
The weathered bridge became mysterious and quiet as a small light flickered in the distance.,Light,The weathered bridge became mysterious and quiet as a small light flickered in the distance.
The weathered bridge became dark and gloomy as heavy clouds covered the sky.,Very Simple,The old bridge felt dark and sad. Big clouds covered the sky.
The weathered bridge became dark and gloomy as heavy clouds covered the sky.,Moderate,The old bridge became dark and gloomy as heavy clouds covered the sky.
The weathered bridge became dark and gloomy as heavy clouds covered the sky.,Light,The weathered bridge became dark and gloomy as heavy clouds covered the sky.
The weathered bridge became warm and welcoming as soft music played from inside.,Very Simple,The old bridge felt warm and nice. Soft music played.
The weathered bridge became warm and welcoming as soft music played from inside.,Moderate,The old bridge became warm and welcoming as soft music played inside.
The weathered bridge became warm and welcoming as soft music played from inside.,Light,The weathered bridge became warm and welcoming as soft music played from inside.
The foggy street became unusually silent as rain tapped against the windows.,Very Simple,The foggy street felt quiet. Rain hit the windows.
The foggy street became unusually silent as rain tapped against the windows.,Moderate,The foggy street became strangely quiet as rain tapped on the windows.
The foggy street became unusually silent as rain tapped against the windows.,Light,The foggy street became unusually silent as rain tapped against the windows.
The foggy street became strangely tense as footsteps echoed nearby.,Very Simple,The foggy street felt not calm. Feet made sounds nearby.
The foggy street became strangely tense as footsteps echoed nearby.,Moderate,The foggy street became tense as footsteps sounded nearby.
The foggy street became strangely tense as footsteps echoed nearby.,Light,The foggy street became strangely tense as footsteps echoed nearby.
The foggy street became peaceful and still as the sun disappeared behind the trees.,Very Simple,The foggy street felt calm and quiet. The sun went down.
The foggy street became peaceful and still as the sun disappeared behind the trees.,Moderate,The foggy street became peaceful and still as the sun went behind the trees.
The foggy street became peaceful and still as the sun disappeared behind the trees.,Light,The foggy street became peaceful and still as the sun disappeared behind the trees.
The foggy street became cold and unfamiliar as a strong wind moved through the air.,Very Simple,The foggy street felt cold and strange. Wind blew.
The foggy street became cold and unfamiliar as a strong wind moved through the air.,Moderate,The foggy street became cold and unfamiliar as a strong wind blew through the air.
The foggy street became cold and unfamiliar as a strong wind moved through the air.,Light,The foggy street became cold and unfamiliar as a strong wind moved through the air.
The foggy street became mysterious and quiet as a small light flickered in the distance.,Very Simple,The foggy street felt secret and quiet. A little light blinked far away.
The foggy street became mysterious and quiet as a small light flickered in the distance.,Moderate,The foggy street became mysterious and quiet as a small light blinked far away.
The foggy street became mysterious and quiet as a small light flickered in the distance.,Light,The foggy street became mysterious and quiet as a small light flickered in the distance.
The foggy street became dark and gloomy as heavy clouds covered the sky.,Very Simple,The foggy street felt dark and sad. Big clouds covered the sky.
The foggy street became dark and gloomy as heavy clouds covered the sky.,Moderate,The foggy street became dark and gloomy as heavy clouds covered the sky.
The foggy street became dark and gloomy as heavy clouds covered the sky.,Light,The foggy street became dark and gloomy as heavy clouds covered the sky.
The foggy street became warm and welcoming as soft music played from inside.,Very Simple,The foggy street felt warm and nice. Soft music played.
The foggy street became warm and welcoming as soft music played from inside.,Moderate,The foggy street became warm and welcoming as soft music played inside.
The foggy street became warm and welcoming as soft music played from inside.,Light,The foggy street became warm and welcoming as soft music played from inside.
The hidden path became unusually silent as rain tapped against the windows.,Very Simple,The secret path felt quiet. Rain hit the windows.
The hidden path became unusually silent as rain tapped against the windows.,Moderate,The hidden path became strangely quiet as rain tapped on the windows.
The hidden path became unusually silent as rain tapped against the windows.,Light,The hidden path became unusually silent as rain tapped against the windows.
The hidden path became strangely tense as footsteps echoed nearby.,Very Simple,The secret path felt not calm. Feet made sounds nearby.
The hidden path became strangely tense as footsteps echoed nearby.,Moderate,The hidden path became tense as footsteps sounded nearby.
The hidden path became strangely tense as footsteps echoed nearby.,Light,The hidden path became strangely tense as footsteps echoed nearby.
The hidden path became peaceful and still as the sun disappeared behind the trees.,Very Simple,The secret path felt calm and quiet. The sun went down.
The hidden path became peaceful and still as the sun disappeared behind the trees.,Moderate,The hidden path became peaceful and still as the sun went behind the trees.
The hidden path became peaceful and still as the sun disappeared behind the trees.,Light,The hidden path became peaceful and still as the sun disappeared behind the trees.
The hidden path became cold and unfamiliar as a strong wind moved through the air.,Very Simple,The secret path felt cold and strange. Wind blew.
The hidden path became cold and unfamiliar as a strong wind moved through the air.,Moderate,The hidden path became cold and unfamiliar as a strong wind blew through the air.
The hidden path became cold and unfamiliar as a strong wind moved through the air.,Light,The hidden path became cold and unfamiliar as a strong wind moved through the air.
The hidden path became mysterious and quiet as a small light flickered in the distance.,Very Simple,The secret path felt secret and quiet. A little light blinked far away.
The hidden path became mysterious and quiet as a small light flickered in the distance.,Moderate,The hidden path became mysterious and quiet as a small light blinked far away.
The hidden path became mysterious and quiet as a small light flickered in the distance.,Light,The hidden path became mysterious and quiet as a small light flickered in the distance.
The hidden path became dark and gloomy as heavy clouds covered the sky.,Very Simple,The secret path felt dark and sad. Big clouds covered the sky.
The hidden path became dark and gloomy as heavy clouds covered the sky.,Moderate,The hidden path became dark and gloomy as heavy clouds covered the sky.
The hidden path became dark and gloomy as heavy clouds covered the sky.,Light,The hidden path became dark and gloomy as heavy clouds covered the sky.
The hidden path became warm and welcoming as soft music played from inside.,Very Simple,The secret path felt warm and nice. Soft music played.
The hidden path became warm and welcoming as soft music played from inside.,Moderate,The hidden path became warm and welcoming as soft music played inside.
The hidden path became warm and welcoming as soft music played from inside.,Light,The hidden path became warm and welcoming as soft music played from inside.
The deserted station became unusually silent as rain tapped against the windows.,Very Simple,The empty station felt quiet. Rain hit the windows.
The deserted station became unusually silent as rain tapped against the windows.,Moderate,The empty station became strangely quiet as rain tapped on the windows.
The deserted station became unusually silent as rain tapped against the windows.,Very Simple,The deserted station became unusually silent as rain tapped against the windows.
The deserted station became strangely tense as footsteps echoed nearby.,Moderate,The empty station felt not calm. Feet made sounds nearby.
The deserted station became strangely tense as footsteps echoed nearby.,Light,The empty station became tense as footsteps sounded nearby.
The deserted station became strangely tense as footsteps echoed nearby.,Very Simple,The deserted station became strangely tense as footsteps echoed nearby.
The deserted station became peaceful and still as the sun disappeared behind the trees.,Moderate,The empty station felt calm and quiet. The sun went down.
The deserted station became peaceful and still as the sun disappeared behind the trees.,Light,The empty station became peaceful and still as the sun went behind the trees.
The deserted station became peaceful and still as the sun disappeared behind the trees.,Very Simple,The deserted station became peaceful and still as the sun disappeared behind the trees.
The deserted station became cold and unfamiliar as a strong wind moved through the air.,Moderate,The empty station felt cold and strange. Wind blew.
The deserted station became cold and unfamiliar as a strong wind moved through the air.,Light,The empty station became cold and unfamiliar as a strong wind blew through the air.
The deserted station became cold and unfamiliar as a strong wind moved through the air.,Very Simple,The deserted station became cold and unfamiliar as a strong wind moved through the air.
The deserted station became mysterious and quiet as a small light flickered in the distance.,Moderate,The empty station felt secret and quiet. A little light blinked far away.
The deserted station became mysterious and quiet as a small light flickered in the distance.,Light,The empty station became mysterious and quiet as a small light blinked far away.
The deserted station became mysterious and quiet as a small light flickered in the distance.,Very Simple,The deserted station became mysterious and quiet as a small light flickered in the distance.
The deserted station became dark and gloomy as heavy clouds covered the sky.,Moderate,The empty station felt dark and sad. Big clouds covered the sky.
The deserted station became dark and gloomy as heavy clouds covered the sky.,Light,The empty station became dark and gloomy as heavy clouds covered the sky.
The deserted station became dark and gloomy as heavy clouds covered the sky.,Very Simple,The deserted station became dark and gloomy as heavy clouds covered the sky.
The deserted station became warm and welcoming as soft music played from inside.,Moderate,The empty station felt warm and nice. Soft music played.
The deserted station became warm and welcoming as soft music played from inside.,Light,The empty station became warm and welcoming as soft music played inside.
The deserted station became warm and welcoming as soft music played from inside.,Very Simple,The deserted station became warm and welcoming as soft music played from inside.
The distant hill became unusually silent as rain tapped against the windows.,Moderate,The far hill felt quiet. Rain hit the windows.
The distant hill became unusually silent as rain tapped against the windows.,Light,The distant hill became strangely quiet as rain tapped on the windows.
The distant hill became unusually silent as rain tapped against the windows.,Very Simple,The distant hill became unusually silent as rain tapped against the windows.
The distant hill became strangely tense as footsteps echoed nearby.,Moderate,The far hill felt not calm. Feet made sounds nearby.
The distant hill became strangely tense as footsteps echoed nearby.,Light,The distant hill became tense as footsteps sounded nearby.
The distant hill became strangely tense as footsteps echoed nearby.,Very Simple,The distant hill became strangely tense as footsteps echoed nearby.
The distant hill became peaceful and still as the sun disappeared behind the trees.,Moderate,The far hill felt calm and quiet. The sun went down.
The distant hill became peaceful and still as the sun disappeared behind the trees.,Light,The distant hill became peaceful and still as the sun went behind the trees.
The distant hill became peaceful and still as the sun disappeared behind the trees.,Very Simple,The distant hill became peaceful and still as the sun disappeared behind the trees.
The distant hill became cold and unfamiliar as a strong wind moved through the air.,Moderate,The far hill felt cold and strange. Wind blew.
The distant hill became cold and unfamiliar as a strong wind moved through the air.,Light,The distant hill became cold and unfamiliar as a strong wind blew through the air.
The distant hill became cold and unfamiliar as a strong wind moved through the air.,Very Simple,The distant hill became cold and unfamiliar as a strong wind moved through the air.
The distant hill became mysterious and quiet as a small light flickered in the distance.,Moderate,The far hill felt secret and quiet. A little light blinked far away.
The distant hill became mysterious and quiet as a small light flickered in the distance.,Light,The distant hill became mysterious and quiet as a small light blinked far away.
The distant hill became mysterious and quiet as a small light flickered in the distance.,Very Simple,The distant hill became mysterious and quiet as a small light flickered in the distance.
The distant hill became dark and gloomy as heavy clouds covered the sky.,Moderate,The far hill felt dark and sad. Big clouds covered the sky.
The distant hill became dark and gloomy as heavy clouds covered the sky.,Light,The distant hill became dark and gloomy as heavy clouds covered the sky.
The distant hill became dark and gloomy as heavy clouds covered the sky.,Very Simple,The distant hill became dark and gloomy as heavy clouds covered the sky.
The distant hill became warm and welcoming as soft music played from inside.,Moderate,The far hill felt warm and nice. Soft music played.
The distant hill became warm and welcoming as soft music played from inside.,Light,The distant hill became warm and welcoming as soft music played inside.
The distant hill became warm and welcoming as soft music played from inside.,Very Simple,The distant hill became warm and welcoming as soft music played from inside.
The shadowy room became unusually silent as rain tapped against the windows.,Moderate,The dark room felt quiet. Rain hit the windows.
The shadowy room became unusually silent as rain tapped against the windows.,Light,The shadowy room became strangely quiet as rain tapped on the windows.
The shadowy room became unusually silent as rain tapped against the windows.,Very Simple,The shadowy room became unusually silent as rain tapped against the windows.
The shadowy room became strangely tense as footsteps echoed nearby.,Moderate,The dark room felt not calm. Feet made sounds nearby.
The shadowy room became strangely tense as footsteps echoed nearby.,Light,The shadowy room became tense as footsteps sounded nearby.
The shadowy room became strangely tense as footsteps echoed nearby.,Very Simple,The shadowy room became strangely tense as footsteps echoed nearby.
The shadowy room became peaceful and still as the sun disappeared behind the trees.,Moderate,The dark room felt calm and quiet. The sun went down.
The shadowy room became peaceful and still as the sun disappeared behind the trees.,Light,The shadowy room became peaceful and still as the sun went behind the trees.
The shadowy room became peaceful and still as the sun disappeared behind the trees.,Very Simple,The shadowy room became peaceful and still as the sun disappeared behind the trees.
The shadowy room became cold and unfamiliar as a strong wind moved through the air.,Moderate,The dark room felt cold and strange. Wind blew.
The shadowy room became cold and unfamiliar as a strong wind moved through the air.,Light,The shadowy room became cold and unfamiliar as a strong wind blew through the air.
The shadowy room became cold and unfamiliar as a strong wind moved through the air.,Very Simple,The shadowy room became cold and unfamiliar as a strong wind moved through the air.
The shadowy room became mysterious and quiet as a small light flickered in the distance.,Moderate,The dark room felt secret and quiet. A little light blinked far away.
The shadowy room became mysterious and quiet as a small light flickered in the distance.,Light,The shadowy room became mysterious and quiet as a small light blinked far away.
The shadowy room became mysterious and quiet as a small light flickered in the distance.,Very Simple,The shadowy room became mysterious and quiet as a small light flickered in the distance.
The shadowy room became dark and gloomy as heavy clouds covered the sky.,Moderate,The dark room felt dark and sad. Big clouds covered the sky.
The shadowy room became dark and gloomy as heavy clouds covered the sky.,Light,The shadowy room became dark and gloomy as heavy clouds covered the sky.
The shadowy room became dark and gloomy as heavy clouds covered the sky.,Very Simple,The shadowy room became dark and gloomy as heavy clouds covered the sky.
The shadowy room became warm and welcoming as soft music played from inside.,Moderate,The dark room felt warm and nice. Soft music played.
The shadowy room became warm and welcoming as soft music played from inside.,Light,The shadowy room became warm and welcoming as soft music played inside.
The shadowy room became warm and welcoming as soft music played from inside.,Very Simple,The shadowy room became warm and welcoming as soft music played from inside.
Local city officials introduced new guidelines after growing safety concerns.,Moderate,City leaders made new rules because people were worried about safety.
Local city officials introduced new guidelines after growing safety concerns.,Light,Local city officials introduced new guidelines after growing safety concerns.
Local city officials introduced new guidelines after growing safety concerns.,Very Simple,Local city officials introduced new guidelines after growing safety concerns.
Local city officials announced a temporary closure after heavy rain affected the area.,Moderate,City leaders said it will close for a little while because big rain came.
Local city officials announced a temporary closure after heavy rain affected the area.,Light,Local city officials announced a short closure after heavy rain affected the area.
Local city officials announced a temporary closure after heavy rain affected the area.,Very Simple,Local city officials announced a temporary closure after heavy rain affected the area.
Local city officials expanded public services after more residents requested support.,Moderate,City leaders added more help for people because more people asked for help.
Local city officials expanded public services after more residents requested support.,Very Simple,Local city officials expanded public services after more residents asked for support.
Local city officials expanded public services after more residents requested support.,Moderate,Local city officials expanded public services after more residents requested support.
Local city officials launched a community survey after many people shared concerns.,Light,City leaders started asking people questions because many people had worries.
Local city officials launched a community survey after many people shared concerns.,Very Simple,Local city officials started a community survey after many people shared concerns.
Local city officials launched a community survey after many people shared concerns.,Moderate,Local city officials launched a community survey after many people shared concerns.
Local city officials reported a noticeable improvement after new changes were made.,Light,City leaders said things got better because new changes happened.
Local city officials reported a noticeable improvement after new changes were made.,Very Simple,Local city officials reported a clear improvement after new changes were made.
Local city officials reported a noticeable improvement after new changes were made.,Moderate,Local city officials reported a noticeable improvement after new changes were made.
Local city officials prepared emergency supplies after bad weather was expected.,Light,City leaders got safety things ready because bad weather might come.
Local city officials prepared emergency supplies after bad weather was expected.,Very Simple,Local city officials prepared emergency supplies after bad weather was expected.
Local city officials prepared emergency supplies after bad weather was expected.,Moderate,Local city officials prepared emergency supplies after bad weather was expected.
Local city officials reviewed the current policy after families asked for clearer information.,Light,City leaders checked the rule because families wanted clear information.
Local city officials reviewed the current policy after families asked for clearer information.,Very Simple,Local city officials reviewed the current policy after families asked for clearer information.
Local city officials reviewed the current policy after families asked for clearer information.,Moderate,Local city officials reviewed the current policy after families asked for clearer information.
Local school leaders introduced new guidelines after growing safety concerns.,Light,School leaders made new rules because people were worried about safety.
Local school leaders introduced new guidelines after growing safety concerns.,Very Simple,Local school leaders introduced new guidelines after growing safety concerns.
Local school leaders introduced new guidelines after growing safety concerns.,Moderate,Local school leaders introduced new guidelines after growing safety concerns.
Local school leaders announced a temporary closure after heavy rain affected the area.,Light,School leaders said it will close for a little while because big rain came.
Local school leaders announced a temporary closure after heavy rain affected the area.,Very Simple,Local school leaders announced a short closure after heavy rain affected the area.
Local school leaders announced a temporary closure after heavy rain affected the area.,Moderate,Local school leaders announced a temporary closure after heavy rain affected the area.
Local school leaders expanded public services after more residents requested support.,Light,School leaders added more help for people because more people asked for help.
Local school leaders expanded public services after more residents requested support.,Very Simple,Local school leaders expanded public services after more residents asked for support.
Local school leaders expanded public services after more residents requested support.,Moderate,Local school leaders expanded public services after more residents requested support.
Local school leaders launched a community survey after many people shared concerns.,Light,School leaders started asking people questions because many people had worries.
Local school leaders launched a community survey after many people shared concerns.,Very Simple,Local school leaders started a community survey after many people shared concerns.
Local school leaders launched a community survey after many people shared concerns.,Moderate,Local school leaders launched a community survey after many people shared concerns.
Local school leaders reported a noticeable improvement after new changes were made.,Light,School leaders said things got better because new changes happened.
Local school leaders reported a noticeable improvement after new changes were made.,Very Simple,Local school leaders reported a clear improvement after new changes were made.
Local school leaders reported a noticeable improvement after new changes were made.,Moderate,Local school leaders reported a noticeable improvement after new changes were made.
Local school leaders prepared emergency supplies after bad weather was expected.,Light,School leaders got safety things ready because bad weather might come.
Local school leaders prepared emergency supplies after bad weather was expected.,Very Simple,Local school leaders prepared emergency supplies after bad weather was expected.
Local school leaders prepared emergency supplies after bad weather was expected.,Moderate,Local school leaders prepared emergency supplies after bad weather was expected.
Local school leaders reviewed the current policy after families asked for clearer information.,Light,School leaders checked the rule because families wanted clear information.
Local school leaders reviewed the current policy after families asked for clearer information.,Very Simple,Local school leaders reviewed the current policy after families asked for clearer information.
Local school leaders reviewed the current policy after families asked for clearer information.,Moderate,Local school leaders reviewed the current policy after families asked for clearer information.
Local health workers introduced new guidelines after growing safety concerns.,Light,Health helpers made new rules because people were worried about safety.
Local health workers introduced new guidelines after growing safety concerns.,Very Simple,Local health workers introduced new guidelines after growing safety concerns.
Local health workers introduced new guidelines after growing safety concerns.,Moderate,Local health workers introduced new guidelines after growing safety concerns.
Local health workers announced a temporary closure after heavy rain affected the area.,Light,Health helpers said it will close for a little while because big rain came.
Local health workers announced a temporary closure after heavy rain affected the area.,Very Simple,Local health workers announced a short closure after heavy rain affected the area.
Local health workers announced a temporary closure after heavy rain affected the area.,Moderate,Local health workers announced a temporary closure after heavy rain affected the area.
Local health workers expanded public services after more residents requested support.,Light,Health helpers added more help for people because more people asked for help.
Local health workers expanded public services after more residents requested support.,Very Simple,Local health workers expanded public services after more residents asked for support.
Local health workers expanded public services after more residents requested support.,Moderate,Local health workers expanded public services after more residents requested support.
Local health workers launched a community survey after many people shared concerns.,Light,Health helpers started asking people questions because many people had worries.
Local health workers launched a community survey after many people shared concerns.,Very Simple,Local health workers started a community survey after many people shared concerns.
Local health workers launched a community survey after many people shared concerns.,Moderate,Local health workers launched a community survey after many people shared concerns.
Local health workers reported a noticeable improvement after new changes were made.,Light,Health helpers said things got better because new changes happened.
Local health workers reported a noticeable improvement after new changes were made.,Very Simple,Local health workers reported a clear improvement after new changes were made.
Local health workers reported a noticeable improvement after new changes were made.,Moderate,Local health workers reported a noticeable improvement after new changes were made.
Local health workers prepared emergency supplies after bad weather was expected.,Light,Health helpers got safety things ready because bad weather might come.
Local health workers prepared emergency supplies after bad weather was expected.,Very Simple,Local health workers prepared emergency supplies after bad weather was expected.
Local health workers prepared emergency supplies after bad weather was expected.,Moderate,Local health workers prepared emergency supplies after bad weather was expected.
Local health workers reviewed the current policy after families asked for clearer information.,Light,Health helpers checked the rule because families wanted clear information.
Local health workers reviewed the current policy after families asked for clearer information.,Very Simple,Local health workers reviewed the current policy after families asked for clearer information.
Local health workers reviewed the current policy after families asked for clearer information.,Moderate,Local health workers reviewed the current policy after families asked for clearer information.
Local transport managers introduced new guidelines after growing safety concerns.,Light,Bus and train leaders made new rules because people were worried about safety.
Local transport managers introduced new guidelines after growing safety concerns.,Very Simple,Local transport managers introduced new guidelines after growing safety concerns.
Local transport managers introduced new guidelines after growing safety concerns.,Moderate,Local transport managers introduced new guidelines after growing safety concerns.
Local transport managers announced a temporary closure after heavy rain affected the area.,Light,Bus and train leaders said it will close for a little while because big rain came.
Local transport managers announced a temporary closure after heavy rain affected the area.,Very Simple,Local transport managers announced a short closure after heavy rain affected the area.
Local transport managers announced a temporary closure after heavy rain affected the area.,Moderate,Local transport managers announced a temporary closure after heavy rain affected the area.
Local transport managers expanded public services after more residents requested support.,Light,Bus and train leaders added more help for people because more people asked for help.
Local transport managers expanded public services after more residents requested support.,Very Simple,Local transport managers expanded public services after more residents asked for support.
Local transport managers expanded public services after more residents requested support.,Moderate,Local transport managers expanded public services after more residents requested support.
Local transport managers launched a community survey after many people shared concerns.,Light,Bus and train leaders started asking people questions because many people had worries.
Local transport managers launched a community survey after many people shared concerns.,Very Simple,Local transport managers started a community survey after many people shared concerns.
Local transport managers launched a community survey after many people shared concerns.,Moderate,Local transport managers launched a community survey after many people shared concerns.
Local transport managers reported a noticeable improvement after new changes were made.,Very Simple,Bus and train leaders said things got better because new changes happened.
Local transport managers reported a noticeable improvement after new changes were made.,Moderate,Local transport managers reported a clear improvement after new changes were made.
Local transport managers reported a noticeable improvement after new changes were made.,Light,Local transport managers reported a noticeable improvement after new changes were made.
Local transport managers prepared emergency supplies after bad weather was expected.,Very Simple,Bus and train leaders got safety things ready because bad weather might come.
Local transport managers prepared emergency supplies after bad weather was expected.,Moderate,Local transport managers prepared emergency supplies after bad weather was expected.
Local transport managers prepared emergency supplies after bad weather was expected.,Light,Local transport managers prepared emergency supplies after bad weather was expected.
Local transport managers reviewed the current policy after families asked for clearer information.,Very Simple,Bus and train leaders checked the rule because families wanted clear information.
Local transport managers reviewed the current policy after families asked for clearer information.,Moderate,Local transport managers reviewed the current policy after families asked for clearer information.
Local transport managers reviewed the current policy after families asked for clearer information.,Light,Local transport managers reviewed the current policy after families asked for clearer information.
Local local volunteers introduced new guidelines after growing safety concerns.,Very Simple,Local helpers made new rules because people were worried about safety.
Local local volunteers introduced new guidelines after growing safety concerns.,Moderate,Local local volunteers introduced new guidelines after growing safety concerns.
Local local volunteers introduced new guidelines after growing safety concerns.,Light,Local local volunteers introduced new guidelines after growing safety concerns.
Local local volunteers announced a temporary closure after heavy rain affected the area.,Very Simple,Local helpers said it will close for a little while because big rain came.
Local local volunteers announced a temporary closure after heavy rain affected the area.,Moderate,Local local volunteers announced a short closure after heavy rain affected the area.
Local local volunteers announced a temporary closure after heavy rain affected the area.,Light,Local local volunteers announced a temporary closure after heavy rain affected the area.
Local local volunteers expanded public services after more residents requested support.,Very Simple,Local helpers added more help for people because more people asked for help.
Local local volunteers expanded public services after more residents requested support.,Moderate,Local local volunteers expanded public services after more residents asked for support.
Local local volunteers expanded public services after more residents requested support.,Light,Local local volunteers expanded public services after more residents requested support.
Local local volunteers launched a community survey after many people shared concerns.,Very Simple,Local helpers started asking people questions because many people had worries.
Local local volunteers launched a community survey after many people shared concerns.,Moderate,Local local volunteers started a community survey after many people shared concerns.
Local local volunteers launched a community survey after many people shared concerns.,Light,Local local volunteers launched a community survey after many people shared concerns.
Local local volunteers reported a noticeable improvement after new changes were made.,Very Simple,Local helpers said things got better because new changes happened.
Local local volunteers reported a noticeable improvement after new changes were made.,Moderate,Local local volunteers reported a clear improvement after new changes were made.
Local local volunteers reported a noticeable improvement after new changes were made.,Light,Local local volunteers reported a noticeable improvement after new changes were made.
Local local volunteers prepared emergency supplies after bad weather was expected.,Very Simple,Local helpers got safety things ready because bad weather might come.
Local local volunteers prepared emergency supplies after bad weather was expected.,Moderate,Local local volunteers prepared emergency supplies after bad weather was expected.
Local local volunteers prepared emergency supplies after bad weather was expected.,Light,Local local volunteers prepared emergency supplies after bad weather was expected.
Local local volunteers reviewed the current policy after families asked for clearer information.,Very Simple,Local helpers checked the rule because families wanted clear information.
Local local volunteers reviewed the current policy after families asked for clearer information.,Moderate,Local local volunteers reviewed the current policy after families asked for clearer information.
Local local volunteers reviewed the current policy after families asked for clearer information.,Light,Local local volunteers reviewed the current policy after families asked for clearer information.
Local park staff introduced new guidelines after growing safety concerns.,Very Simple,Park workers made new rules because people were worried about safety.
Local park staff introduced new guidelines after growing safety concerns.,Moderate,Local park staff introduced new guidelines after growing safety concerns.
Local park staff introduced new guidelines after growing safety concerns.,Light,Local park staff introduced new guidelines after growing safety concerns.
Local park staff announced a temporary closure after heavy rain affected the area.,Very Simple,Park workers said it will close for a little while because big rain came.
Local park staff announced a temporary closure after heavy rain affected the area.,Moderate,Local park staff announced a short closure after heavy rain affected the area.
Local park staff announced a temporary closure after heavy rain affected the area.,Light,Local park staff announced a temporary closure after heavy rain affected the area.
Local park staff expanded public services after more residents requested support.,Very Simple,Park workers added more help for people because more people asked for help.
Local park staff expanded public services after more residents requested support.,Moderate,Local park staff expanded public services after more residents asked for support.
Local park staff expanded public services after more residents requested support.,Light,Local park staff expanded public services after more residents requested support.
Local park staff launched a community survey after many people shared concerns.,Very Simple,Park workers started asking people questions because many people had worries.
Local park staff launched a community survey after many people shared concerns.,Moderate,Local park staff started a community survey after many people shared concerns.
Local park staff launched a community survey after many people shared concerns.,Light,Local park staff launched a community survey after many people shared concerns.
Local park staff reported a noticeable improvement after new changes were made.,Very Simple,Park workers said things got better because new changes happened.
Local park staff reported a noticeable improvement after new changes were made.,Moderate,Local park staff reported a clear improvement after new changes were made.
Local park staff reported a noticeable improvement after new changes were made.,Light,Local park staff reported a noticeable improvement after new changes were made.
Local park staff prepared emergency supplies after bad weather was expected.,Very Simple,Park workers got safety things ready because bad weather might come.
Local park staff prepared emergency supplies after bad weather was expected.,Moderate,Local park staff prepared emergency supplies after bad weather was expected.
Local park staff prepared emergency supplies after bad weather was expected.,Light,Local park staff prepared emergency supplies after bad weather was expected.
Local park staff reviewed the current policy after families asked for clearer information.,Very Simple,Park workers checked the rule because families wanted clear information.
Local park staff reviewed the current policy after families asked for clearer information.,Moderate,Local park staff reviewed the current policy after families asked for clearer information.
Local park staff reviewed the current policy after families asked for clearer information.,Light,Local park staff reviewed the current policy after families asked for clearer information.
Local library staff introduced new guidelines after growing safety concerns.,Very Simple,Library workers made new rules because people were worried about safety.
Local library staff introduced new guidelines after growing safety concerns.,Moderate,Local library staff introduced new guidelines after growing safety concerns.
Local library staff introduced new guidelines after growing safety concerns.,Light,Local library staff introduced new guidelines after growing safety concerns.
Local library staff announced a temporary closure after heavy rain affected the area.,Very Simple,Library workers said it will close for a little while because big rain came.
Local library staff announced a temporary closure after heavy rain affected the area.,Moderate,Local library staff announced a short closure after heavy rain affected the area.
Local library staff announced a temporary closure after heavy rain affected the area.,Light,Local library staff announced a temporary closure after heavy rain affected the area.
Local library staff expanded public services after more residents requested support.,Very Simple,Library workers added more help for people because more people asked for help.
Local library staff expanded public services after more residents requested support.,Moderate,Local library staff expanded public services after more residents asked for support.
Local library staff expanded public services after more residents requested support.,Light,Local library staff expanded public services after more residents requested support.
Local library staff launched a community survey after many people shared concerns.,Very Simple,Library workers started asking people questions because many people had worries.
Local library staff launched a community survey after many people shared concerns.,Moderate,Local library staff started a community survey after many people shared concerns.
Local library staff launched a community survey after many people shared concerns.,Light,Local library staff launched a community survey after many people shared concerns.
Local library staff reported a noticeable improvement after new changes were made.,Very Simple,Library workers said things got better because new changes happened.
Local library staff reported a noticeable improvement after new changes were made.,Moderate,Local library staff reported a clear improvement after new changes were made.
Local library staff reported a noticeable improvement after new changes were made.,Light,Local library staff reported a noticeable improvement after new changes were made.
Local library staff prepared emergency supplies after bad weather was expected.,Very Simple,Library workers got safety things ready because bad weather might come.
Local library staff prepared emergency supplies after bad weather was expected.,Moderate,Local library staff prepared emergency supplies after bad weather was expected.
Local library staff prepared emergency supplies after bad weather was expected.,Very Simple,Local library staff prepared emergency supplies after bad weather was expected.
Local library staff reviewed the current policy after families asked for clearer information.,Moderate,Library workers checked the rule because families wanted clear information.
Local library staff reviewed the current policy after families asked for clearer information.,Light,Local library staff reviewed the current policy after families asked for clearer information.
Local library staff reviewed the current policy after families asked for clearer information.,Very Simple,Local library staff reviewed the current policy after families asked for clearer information.
Local community organizers introduced new guidelines after growing safety concerns.,Moderate,Community helpers made new rules because people were worried about safety.
Local community organizers introduced new guidelines after growing safety concerns.,Light,Local community organizers introduced new guidelines after growing safety concerns.
Local community organizers introduced new guidelines after growing safety concerns.,Very Simple,Local community organizers introduced new guidelines after growing safety concerns.
Local community organizers announced a temporary closure after heavy rain affected the area.,Moderate,Community helpers said it will close for a little while because big rain came.
Local community organizers announced a temporary closure after heavy rain affected the area.,Light,Local community organizers announced a short closure after heavy rain affected the area.
Local community organizers announced a temporary closure after heavy rain affected the area.,Very Simple,Local community organizers announced a temporary closure after heavy rain affected the area.
Local community organizers expanded public services after more residents requested support.,Moderate,Community helpers added more help for people because more people asked for help.
Local community organizers expanded public services after more residents requested support.,Light,Local community organizers expanded public services after more residents asked for support.
Local community organizers expanded public services after more residents requested support.,Very Simple,Local community organizers expanded public services after more residents requested support.
Local community organizers launched a community survey after many people shared concerns.,Moderate,Community helpers started asking people questions because many people had worries.
Local community organizers launched a community survey after many people shared concerns.,Light,Local community organizers started a community survey after many people shared concerns.
Local community organizers launched a community survey after many people shared concerns.,Very Simple,Local community organizers launched a community survey after many people shared concerns.
Local community organizers reported a noticeable improvement after new changes were made.,Moderate,Community helpers said things got better because new changes happened.
Local community organizers reported a noticeable improvement after new changes were made.,Light,Local community organizers reported a clear improvement after new changes were made.
Local community organizers reported a noticeable improvement after new changes were made.,Very Simple,Local community organizers reported a noticeable improvement after new changes were made.
Local community organizers prepared emergency supplies after bad weather was expected.,Moderate,Community helpers got safety things ready because bad weather might come.
Local community organizers prepared emergency supplies after bad weather was expected.,Light,Local community organizers prepared emergency supplies after bad weather was expected.
Local community organizers prepared emergency supplies after bad weather was expected.,Very Simple,Local community organizers prepared emergency supplies after bad weather was expected.
Local community organizers reviewed the current policy after families asked for clearer information.,Moderate,Community helpers checked the rule because families wanted clear information.
Local community organizers reviewed the current policy after families asked for clearer information.,Light,Local community organizers reviewed the current policy after families asked for clearer information.
Local community organizers reviewed the current policy after families asked for clearer information.,Very Simple,Local community organizers reviewed the current policy after families asked for clearer information.
Local safety inspectors introduced new guidelines after growing safety concerns.,Moderate,Safety checkers made new rules because people were worried about safety.
Local safety inspectors introduced new guidelines after growing safety concerns.,Light,Local safety inspectors introduced new guidelines after growing safety concerns.
Local safety inspectors introduced new guidelines after growing safety concerns.,Very Simple,Local safety inspectors introduced new guidelines after growing safety concerns.
Local safety inspectors announced a temporary closure after heavy rain affected the area.,Moderate,Safety checkers said it will close for a little while because big rain came.
Local safety inspectors announced a temporary closure after heavy rain affected the area.,Light,Local safety inspectors announced a short closure after heavy rain affected the area.
Local safety inspectors announced a temporary closure after heavy rain affected the area.,Very Simple,Local safety inspectors announced a temporary closure after heavy rain affected the area.
Local safety inspectors expanded public services after more residents requested support.,Moderate,Safety checkers added more help for people because more people asked for help.
Local safety inspectors expanded public services after more residents requested support.,Light,Local safety inspectors expanded public services after more residents asked for support.
Local safety inspectors expanded public services after more residents requested support.,Very Simple,Local safety inspectors expanded public services after more residents requested support.
Local safety inspectors launched a community survey after many people shared concerns.,Moderate,Safety checkers started asking people questions because many people had worries.
Local safety inspectors launched a community survey after many people shared concerns.,Light,Local safety inspectors started a community survey after many people shared concerns.
Local safety inspectors launched a community survey after many people shared concerns.,Very Simple,Local safety inspectors launched a community survey after many people shared concerns.
Local safety inspectors reported a noticeable improvement after new changes were made.,Moderate,Safety checkers said things got better because new changes happened.
Local safety inspectors reported a noticeable improvement after new changes were made.,Light,Local safety inspectors reported a clear improvement after new changes were made.
Local safety inspectors reported a noticeable improvement after new changes were made.,Very Simple,Local safety inspectors reported a noticeable improvement after new changes were made.
Local safety inspectors prepared emergency supplies after bad weather was expected.,Moderate,Safety checkers got safety things ready because bad weather might come.
Local safety inspectors prepared emergency supplies after bad weather was expected.,Light,Local safety inspectors prepared emergency supplies after bad weather was expected.
Local safety inspectors prepared emergency supplies after bad weather was expected.,Very Simple,Local safety inspectors prepared emergency supplies after bad weather was expected.
Local safety inspectors reviewed the current policy after families asked for clearer information.,Moderate,Safety checkers checked the rule because families wanted clear information.
Local safety inspectors reviewed the current policy after families asked for clearer information.,Light,Local safety inspectors reviewed the current policy after families asked for clearer information.
Local safety inspectors reviewed the current policy after families asked for clearer information.,Very Simple,Local safety inspectors reviewed the current policy after families asked for clearer information.
Local weather experts introduced new guidelines after growing safety concerns.,Moderate,Weather helpers made new rules because people were worried about safety.
Local weather experts introduced new guidelines after growing safety concerns.,Light,Local weather experts introduced new guidelines after growing safety concerns.
Local weather experts introduced new guidelines after growing safety concerns.,Very Simple,Local weather experts introduced new guidelines after growing safety concerns.
Local weather experts announced a temporary closure after heavy rain affected the area.,Moderate,Weather helpers said it will close for a little while because big rain came.
Local weather experts announced a temporary closure after heavy rain affected the area.,Light,Local weather experts announced a short closure after heavy rain affected the area.
Local weather experts announced a temporary closure after heavy rain affected the area.,Very Simple,Local weather experts announced a temporary closure after heavy rain affected the area.
Local weather experts expanded public services after more residents requested support.,Moderate,Weather helpers added more help for people because more people asked for help.
Local weather experts expanded public services after more residents requested support.,Light,Local weather experts expanded public services after more residents asked for support.
Local weather experts expanded public services after more residents requested support.,Very Simple,Local weather experts expanded public services after more residents requested support.
Local weather experts launched a community survey after many people shared concerns.,Moderate,Weather helpers started asking people questions because many people had worries.
Local weather experts launched a community survey after many people shared concerns.,Light,Local weather experts started a community survey after many people shared concerns.
Local weather experts launched a community survey after many people shared concerns.,Very Simple,Local weather experts launched a community survey after many people shared concerns.
Local weather experts reported a noticeable improvement after new changes were made.,Moderate,Weather helpers said things got better because new changes happened.
Local weather experts reported a noticeable improvement after new changes were made.,Light,Local weather experts reported a clear improvement after new changes were made.
Local weather experts reported a noticeable improvement after new changes were made.,Very Simple,Local weather experts reported a noticeable improvement after new changes were made.
Local weather experts prepared emergency supplies after bad weather was expected.,Moderate,Weather helpers got safety things ready because bad weather might come.
Local weather experts prepared emergency supplies after bad weather was expected.,Light,Local weather experts prepared emergency supplies after bad weather was expected.
Local weather experts prepared emergency supplies after bad weather was expected.,Very Simple,Local weather experts prepared emergency supplies after bad weather was expected.
Local weather experts reviewed the current policy after families asked for clearer information.,Moderate,Weather helpers checked the rule because families wanted clear information.
Local weather experts reviewed the current policy after families asked for clearer information.,Light,Local weather experts reviewed the current policy after families asked for clearer information.
Local weather experts reviewed the current policy after families asked for clearer information.,Very Simple,Local weather experts reviewed the current policy after families asked for clearer information.
Nutrition experts recommend building consistent routines to reduce daily stress.,Moderate,Food helpers say to make good habits to feel less worried.
Nutrition experts recommend building consistent routines to reduce daily stress.,Very Simple,Nutrition experts recommend making steady routines to reduce daily stress.
Nutrition experts recommend building consistent routines to reduce daily stress.,Moderate,Nutrition experts recommend building consistent routines to reduce daily stress.
Nutrition experts suggest choosing practical options to save time and money.,Light,Food helpers say to pick useful things to save time and money.
Nutrition experts suggest choosing practical options to save time and money.,Very Simple,Nutrition experts suggest choosing practical options to save time and money.
Nutrition experts suggest choosing practical options to save time and money.,Moderate,Nutrition experts suggest choosing practical options to save time and money.
Nutrition experts highlight the value of simple planning to avoid confusion later.,Light,Food helpers say planning helps so things are not confusing later.
Nutrition experts highlight the value of simple planning to avoid confusion later.,Very Simple,Nutrition experts highlight why simple planning matters to avoid confusion later.
Nutrition experts highlight the value of simple planning to avoid confusion later.,Moderate,Nutrition experts highlight the value of simple planning to avoid confusion later.
Nutrition experts encourage mindful breaks to improve focus.,Light,Food helpers say to take calm breaks to help people focus.
Nutrition experts encourage mindful breaks to improve focus.,Very Simple,Nutrition experts encourage careful short breaks to improve focus.
Nutrition experts encourage mindful breaks to improve focus.,Moderate,Nutrition experts encourage mindful breaks to improve focus.
Nutrition experts explain the benefits of preparation to make difficult tasks easier.,Light,Food helpers say getting ready helps to make hard work easier.
Nutrition experts explain the benefits of preparation to make difficult tasks easier.,Very Simple,Nutrition experts explain why preparation helps to make difficult tasks easier.
Nutrition experts explain the benefits of preparation to make difficult tasks easier.,Moderate,Nutrition experts explain the benefits of preparation to make difficult tasks easier.
Nutrition experts describe affordable ways to improve a space without making major changes.,Light,Food helpers show cheap ways to make a room nicer without big changes.
Nutrition experts describe affordable ways to improve a space without making major changes.,Very Simple,Nutrition experts describe low-cost ways to improve a room without making big changes.
Nutrition experts describe affordable ways to improve a space without making major changes.,Moderate,Nutrition experts describe affordable ways to improve a space without making major changes.
Nutrition experts share effective methods for staying organized during busy weeks.,Light,Food helpers share ways to keep things tidy during busy weeks.
Nutrition experts share effective methods for staying organized during busy weeks.,Very Simple,Nutrition experts share useful ways to stay organized during busy weeks.
Nutrition experts share effective methods for staying organized during busy weeks.,Moderate,Nutrition experts share effective methods for staying organized during busy weeks.
Travel writers recommend building consistent routines to reduce daily stress.,Light,Travel writers say to make good habits to feel less worried.
Travel writers recommend building consistent routines to reduce daily stress.,Very Simple,Travel writers recommend making steady routines to reduce daily stress.
Travel writers recommend building consistent routines to reduce daily stress.,Moderate,Travel writers recommend building consistent routines to reduce daily stress.
Travel writers suggest choosing practical options to save time and money.,Light,Travel writers say to pick useful things to save time and money.
Travel writers suggest choosing practical options to save time and money.,Very Simple,Travel writers suggest choosing practical options to save time and money.
Travel writers suggest choosing practical options to save time and money.,Moderate,Travel writers suggest choosing practical options to save time and money.
Travel writers highlight the value of simple planning to avoid confusion later.,Light,Travel writers say planning helps so things are not confusing later.
Travel writers highlight the value of simple planning to avoid confusion later.,Very Simple,Travel writers highlight why simple planning matters to avoid confusion later.
Travel writers highlight the value of simple planning to avoid confusion later.,Moderate,Travel writers highlight the value of simple planning to avoid confusion later.
Travel writers encourage mindful breaks to improve focus.,Light,Travel writers say to take calm breaks to help people focus.
Travel writers encourage mindful breaks to improve focus.,Very Simple,Travel writers encourage careful short breaks to improve focus.
Travel writers encourage mindful breaks to improve focus.,Moderate,Travel writers encourage mindful breaks to improve focus.
Travel writers explain the benefits of preparation to make difficult tasks easier.,Light,Travel writers say getting ready helps to make hard work easier.
Travel writers explain the benefits of preparation to make difficult tasks easier.,Very Simple,Travel writers explain why preparation helps to make difficult tasks easier.
Travel writers explain the benefits of preparation to make difficult tasks easier.,Moderate,Travel writers explain the benefits of preparation to make difficult tasks easier.
Travel writers describe affordable ways to improve a space without making major changes.,Light,Travel writers show cheap ways to make a room nicer without big changes.
Travel writers describe affordable ways to improve a space without making major changes.,Very Simple,Travel writers describe low-cost ways to improve a room without making big changes.
Travel writers describe affordable ways to improve a space without making major changes.,Moderate,Travel writers describe affordable ways to improve a space without making major changes.
Travel writers share effective methods for staying organized during busy weeks.,Light,Travel writers share ways to keep things tidy during busy weeks.
Travel writers share effective methods for staying organized during busy weeks.,Very Simple,Travel writers share useful ways to stay organized during busy weeks.
Travel writers share effective methods for staying organized during busy weeks.,Moderate,Travel writers share effective methods for staying organized during busy weeks.
Design specialists recommend building consistent routines to reduce daily stress.,Light,Design helpers say to make good habits to feel less worried.
Design specialists recommend building consistent routines to reduce daily stress.,Very Simple,Design specialists recommend making steady routines to reduce daily stress.
Design specialists recommend building consistent routines to reduce daily stress.,Moderate,Design specialists recommend building consistent routines to reduce daily stress.
Design specialists suggest choosing practical options to save time and money.,Light,Design helpers say to pick useful things to save time and money.
Design specialists suggest choosing practical options to save time and money.,Very Simple,Design specialists suggest choosing practical options to save time and money.
Design specialists suggest choosing practical options to save time and money.,Moderate,Design specialists suggest choosing practical options to save time and money.
Design specialists highlight the value of simple planning to avoid confusion later.,Light,Design helpers say planning helps so things are not confusing later.
Design specialists highlight the value of simple planning to avoid confusion later.,Very Simple,Design specialists highlight why simple planning matters to avoid confusion later.
Design specialists highlight the value of simple planning to avoid confusion later.,Moderate,Design specialists highlight the value of simple planning to avoid confusion later.
Design specialists encourage mindful breaks to improve focus.,Light,Design helpers say to take calm breaks to help people focus.
Design specialists encourage mindful breaks to improve focus.,Very Simple,Design specialists encourage careful short breaks to improve focus.
Design specialists encourage mindful breaks to improve focus.,Moderate,Design specialists encourage mindful breaks to improve focus.
Design specialists explain the benefits of preparation to make difficult tasks easier.,Light,Design helpers say getting ready helps to make hard work easier.
Design specialists explain the benefits of preparation to make difficult tasks easier.,Very Simple,Design specialists explain why preparation helps to make difficult tasks easier.
Design specialists explain the benefits of preparation to make difficult tasks easier.,Moderate,Design specialists explain the benefits of preparation to make difficult tasks easier.
Design specialists describe affordable ways to improve a space without making major changes.,Light,Design helpers show cheap ways to make a room nicer without big changes.
Design specialists describe affordable ways to improve a space without making major changes.,Very Simple,Design specialists describe low-cost ways to improve a room without making big changes.
Design specialists describe affordable ways to improve a space without making major changes.,Moderate,Design specialists describe affordable ways to improve a space without making major changes.
Design specialists share effective methods for staying organized during busy weeks.,Light,Design helpers share ways to keep things tidy during busy weeks.
Design specialists share effective methods for staying organized during busy weeks.,Very Simple,Design specialists share useful ways to stay organized during busy weeks.
Design specialists share effective methods for staying organized during busy weeks.,Moderate,Design specialists share effective methods for staying organized during busy weeks.
Fitness coaches recommend building consistent routines to reduce daily stress.,Light,Exercise teachers say to make good habits to feel less worried.
Fitness coaches recommend building consistent routines to reduce daily stress.,Very Simple,Fitness coaches recommend making steady routines to reduce daily stress.
Fitness coaches recommend building consistent routines to reduce daily stress.,Moderate,Fitness coaches recommend building consistent routines to reduce daily stress.
Fitness coaches suggest choosing practical options to save time and money.,Light,Exercise teachers say to pick useful things to save time and money.
Fitness coaches suggest choosing practical options to save time and money.,Very Simple,Fitness coaches suggest choosing practical options to save time and money.
Fitness coaches suggest choosing practical options to save time and money.,Moderate,Fitness coaches suggest choosing practical options to save time and money.
Fitness coaches highlight the value of simple planning to avoid confusion later.,Very Simple,Exercise teachers say planning helps so things are not confusing later.
Fitness coaches highlight the value of simple planning to avoid confusion later.,Moderate,Fitness coaches highlight why simple planning matters to avoid confusion later.
Fitness coaches highlight the value of simple planning to avoid confusion later.,Light,Fitness coaches highlight the value of simple planning to avoid confusion later.
Fitness coaches encourage mindful breaks to improve focus.,Very Simple,Exercise teachers say to take calm breaks to help people focus.
Fitness coaches encourage mindful breaks to improve focus.,Moderate,Fitness coaches encourage careful short breaks to improve focus.
Fitness coaches encourage mindful breaks to improve focus.,Light,Fitness coaches encourage mindful breaks to improve focus.
Fitness coaches explain the benefits of preparation to make difficult tasks easier.,Very Simple,Exercise teachers say getting ready helps to make hard work easier.
Fitness coaches explain the benefits of preparation to make difficult tasks easier.,Moderate,Fitness coaches explain why preparation helps to make difficult tasks easier.
Fitness coaches explain the benefits of preparation to make difficult tasks easier.,Light,Fitness coaches explain the benefits of preparation to make difficult tasks easier.
Fitness coaches describe affordable ways to improve a space without making major changes.,Very Simple,Exercise teachers show cheap ways to make a room nicer without big changes.
Fitness coaches describe affordable ways to improve a space without making major changes.,Moderate,Fitness coaches describe low-cost ways to improve a room without making big changes.
Fitness coaches describe affordable ways to improve a space without making major changes.,Light,Fitness coaches describe affordable ways to improve a space without making major changes.
Fitness coaches share effective methods for staying organized during busy weeks.,Very Simple,Exercise teachers share ways to keep things tidy during busy weeks.
Fitness coaches share effective methods for staying organized during busy weeks.,Moderate,Fitness coaches share useful ways to stay organized during busy weeks.
Fitness coaches share effective methods for staying organized during busy weeks.,Light,Fitness coaches share effective methods for staying organized during busy weeks.
Study advisers recommend building consistent routines to reduce daily stress.,Very Simple,Study helpers say to make good habits to feel less worried.
Study advisers recommend building consistent routines to reduce daily stress.,Moderate,Study advisers recommend making steady routines to reduce daily stress.
Study advisers recommend building consistent routines to reduce daily stress.,Light,Study advisers recommend building consistent routines to reduce daily stress.
Study advisers suggest choosing practical options to save time and money.,Very Simple,Study helpers say to pick useful things to save time and money.
Study advisers suggest choosing practical options to save time and money.,Moderate,Study advisers suggest choosing practical options to save time and money.
Study advisers suggest choosing practical options to save time and money.,Light,Study advisers suggest choosing practical options to save time and money.
Study advisers highlight the value of simple planning to avoid confusion later.,Very Simple,Study helpers say planning helps so things are not confusing later.
Study advisers highlight the value of simple planning to avoid confusion later.,Moderate,Study advisers highlight why simple planning matters to avoid confusion later.
Study advisers highlight the value of simple planning to avoid confusion later.,Light,Study advisers highlight the value of simple planning to avoid confusion later.
Study advisers encourage mindful breaks to improve focus.,Very Simple,Study helpers say to take calm breaks to help people focus.
Study advisers encourage mindful breaks to improve focus.,Moderate,Study advisers encourage careful short breaks to improve focus.
Study advisers encourage mindful breaks to improve focus.,Light,Study advisers encourage mindful breaks to improve focus.
Study advisers explain the benefits of preparation to make difficult tasks easier.,Very Simple,Study helpers say getting ready helps to make hard work easier.
Study advisers explain the benefits of preparation to make difficult tasks easier.,Moderate,Study advisers explain why preparation helps to make difficult tasks easier.
Study advisers explain the benefits of preparation to make difficult tasks easier.,Light,Study advisers explain the benefits of preparation to make difficult tasks easier.
Study advisers describe affordable ways to improve a space without making major changes.,Very Simple,Study helpers show cheap ways to make a room nicer without big changes.
Study advisers describe affordable ways to improve a space without making major changes.,Moderate,Study advisers describe low-cost ways to improve a room without making big changes.
Study advisers describe affordable ways to improve a space without making major changes.,Light,Study advisers describe affordable ways to improve a space without making major changes.
Study advisers share effective methods for staying organized during busy weeks.,Very Simple,Study helpers share ways to keep things tidy during busy weeks.
Study advisers share effective methods for staying organized during busy weeks.,Moderate,Study advisers share useful ways to stay organized during busy weeks.
Study advisers share effective methods for staying organized during busy weeks.,Light,Study advisers share effective methods for staying organized during busy weeks.
Technology reviewers recommend building consistent routines to reduce daily stress.,Very Simple,Tech writers say to make good habits to feel less worried.
Technology reviewers recommend building consistent routines to reduce daily stress.,Moderate,Technology reviewers recommend making steady routines to reduce daily stress.
Technology reviewers recommend building consistent routines to reduce daily stress.,Light,Technology reviewers recommend building consistent routines to reduce daily stress.
Technology reviewers suggest choosing practical options to save time and money.,Very Simple,Tech writers say to pick useful things to save time and money.
Technology reviewers suggest choosing practical options to save time and money.,Moderate,Technology reviewers suggest choosing practical options to save time and money.
Technology reviewers suggest choosing practical options to save time and money.,Light,Technology reviewers suggest choosing practical options to save time and money.
Technology reviewers highlight the value of simple planning to avoid confusion later.,Very Simple,Tech writers say planning helps so things are not confusing later.
Technology reviewers highlight the value of simple planning to avoid confusion later.,Moderate,Technology reviewers highlight why simple planning matters to avoid confusion later.
Technology reviewers highlight the value of simple planning to avoid confusion later.,Light,Technology reviewers highlight the value of simple planning to avoid confusion later.
Technology reviewers encourage mindful breaks to improve focus.,Very Simple,Tech writers say to take calm breaks to help people focus.
Technology reviewers encourage mindful breaks to improve focus.,Moderate,Technology reviewers encourage careful short breaks to improve focus.
Technology reviewers encourage mindful breaks to improve focus.,Light,Technology reviewers encourage mindful breaks to improve focus.
Technology reviewers explain the benefits of preparation to make difficult tasks easier.,Very Simple,Tech writers say getting ready helps to make hard work easier.
Technology reviewers explain the benefits of preparation to make difficult tasks easier.,Moderate,Technology reviewers explain why preparation helps to make difficult tasks easier.
Technology reviewers explain the benefits of preparation to make difficult tasks easier.,Light,Technology reviewers explain the benefits of preparation to make difficult tasks easier.
Technology reviewers describe affordable ways to improve a space without making major changes.,Very Simple,Tech writers show cheap ways to make a room nicer without big changes.
Technology reviewers describe affordable ways to improve a space without making major changes.,Moderate,Technology reviewers describe low-cost ways to improve a room without making big changes.
Technology reviewers describe affordable ways to improve a space without making major changes.,Light,Technology reviewers describe affordable ways to improve a space without making major changes.
Technology reviewers share effective methods for staying organized during busy weeks.,Very Simple,Tech writers share ways to keep things tidy during busy weeks.
Technology reviewers share effective methods for staying organized during busy weeks.,Moderate,Technology reviewers share useful ways to stay organized during busy weeks.
Technology reviewers share effective methods for staying organized during busy weeks.,Light,Technology reviewers share effective methods for staying organized during busy weeks.
Garden experts recommend building consistent routines to reduce daily stress.,Very Simple,Garden helpers say to make good habits to feel less worried.
Garden experts recommend building consistent routines to reduce daily stress.,Moderate,Garden experts recommend making steady routines to reduce daily stress.
Garden experts recommend building consistent routines to reduce daily stress.,Light,Garden experts recommend building consistent routines to reduce daily stress.
Garden experts suggest choosing practical options to save time and money.,Very Simple,Garden helpers say to pick useful things to save time and money.
Garden experts suggest choosing practical options to save time and money.,Moderate,Garden experts suggest choosing practical options to save time and money.
Garden experts suggest choosing practical options to save time and money.,Light,Garden experts suggest choosing practical options to save time and money.
Garden experts highlight the value of simple planning to avoid confusion later.,Very Simple,Garden helpers say planning helps so things are not confusing later.
Garden experts highlight the value of simple planning to avoid confusion later.,Moderate,Garden experts highlight why simple planning matters to avoid confusion later.
Garden experts highlight the value of simple planning to avoid confusion later.,Light,Garden experts highlight the value of simple planning to avoid confusion later.
Garden experts encourage mindful breaks to improve focus.,Very Simple,Garden helpers say to take calm breaks to help people focus.
Garden experts encourage mindful breaks to improve focus.,Moderate,Garden experts encourage careful short breaks to improve focus.
Garden experts encourage mindful breaks to improve focus.,Very Simple,Garden experts encourage mindful breaks to improve focus.
Garden experts explain the benefits of preparation to make difficult tasks easier.,Moderate,Garden helpers say getting ready helps to make hard work easier.
Garden experts explain the benefits of preparation to make difficult tasks easier.,Light,Garden experts explain why preparation helps to make difficult tasks easier.
Garden experts explain the benefits of preparation to make difficult tasks easier.,Very Simple,Garden experts explain the benefits of preparation to make difficult tasks easier.
Garden experts describe affordable ways to improve a space without making major changes.,Moderate,Garden helpers show cheap ways to make a room nicer without big changes.
Garden experts describe affordable ways to improve a space without making major changes.,Light,Garden experts describe low-cost ways to improve a room without making big changes.
Garden experts describe affordable ways to improve a space without making major changes.,Very Simple,Garden experts describe affordable ways to improve a space without making major changes.
Garden experts share effective methods for staying organized during busy weeks.,Moderate,Garden helpers share ways to keep things tidy during busy weeks.
Garden experts share effective methods for staying organized during busy weeks.,Light,Garden experts share useful ways to stay organized during busy weeks.
Garden experts share effective methods for staying organized during busy weeks.,Very Simple,Garden experts share effective methods for staying organized during busy weeks.
Style editors recommend building consistent routines to reduce daily stress.,Moderate,Style writers say to make good habits to feel less worried.
Style editors recommend building consistent routines to reduce daily stress.,Light,Style editors recommend making steady routines to reduce daily stress.
Style editors recommend building consistent routines to reduce daily stress.,Very Simple,Style editors recommend building consistent routines to reduce daily stress.
Style editors suggest choosing practical options to save time and money.,Moderate,Style writers say to pick useful things to save time and money.
Style editors suggest choosing practical options to save time and money.,Light,Style editors suggest choosing practical options to save time and money.
Style editors suggest choosing practical options to save time and money.,Very Simple,Style editors suggest choosing practical options to save time and money.
Style editors highlight the value of simple planning to avoid confusion later.,Moderate,Style writers say planning helps so things are not confusing later.
Style editors highlight the value of simple planning to avoid confusion later.,Light,Style editors highlight why simple planning matters to avoid confusion later.
Style editors highlight the value of simple planning to avoid confusion later.,Very Simple,Style editors highlight the value of simple planning to avoid confusion later.
Style editors encourage mindful breaks to improve focus.,Moderate,Style writers say to take calm breaks to help people focus.
Style editors encourage mindful breaks to improve focus.,Light,Style editors encourage careful short breaks to improve focus.
Style editors encourage mindful breaks to improve focus.,Very Simple,Style editors encourage mindful breaks to improve focus.
Style editors explain the benefits of preparation to make difficult tasks easier.,Moderate,Style writers say getting ready helps to make hard work easier.
Style editors explain the benefits of preparation to make difficult tasks easier.,Light,Style editors explain why preparation helps to make difficult tasks easier.
Style editors explain the benefits of preparation to make difficult tasks easier.,Very Simple,Style editors explain the benefits of preparation to make difficult tasks easier.
Style editors describe affordable ways to improve a space without making major changes.,Moderate,Style writers show cheap ways to make a room nicer without big changes.
Style editors describe affordable ways to improve a space without making major changes.,Light,Style editors describe low-cost ways to improve a room without making big changes.
Style editors describe affordable ways to improve a space without making major changes.,Very Simple,Style editors describe affordable ways to improve a space without making major changes.
Style editors share effective methods for staying organized during busy weeks.,Moderate,Style writers share ways to keep things tidy during busy weeks.
Style editors share effective methods for staying organized during busy weeks.,Light,Style editors share useful ways to stay organized during busy weeks.
Style editors share effective methods for staying organized during busy weeks.,Very Simple,Style editors share effective methods for staying organized during busy weeks.
Wellness writers recommend building consistent routines to reduce daily stress.,Moderate,Health writers say to make good habits to feel less worried.
Wellness writers recommend building consistent routines to reduce daily stress.,Light,Wellness writers recommend making steady routines to reduce daily stress.
Wellness writers recommend building consistent routines to reduce daily stress.,Very Simple,Wellness writers recommend building consistent routines to reduce daily stress.
Wellness writers suggest choosing practical options to save time and money.,Moderate,Health writers say to pick useful things to save time and money.
Wellness writers suggest choosing practical options to save time and money.,Light,Wellness writers suggest choosing practical options to save time and money.
Wellness writers suggest choosing practical options to save time and money.,Very Simple,Wellness writers suggest choosing practical options to save time and money.
Wellness writers highlight the value of simple planning to avoid confusion later.,Moderate,Health writers say planning helps so things are not confusing later.
Wellness writers highlight the value of simple planning to avoid confusion later.,Light,Wellness writers highlight why simple planning matters to avoid confusion later.
Wellness writers highlight the value of simple planning to avoid confusion later.,Very Simple,Wellness writers highlight the value of simple planning to avoid confusion later.
Wellness writers encourage mindful breaks to improve focus.,Moderate,Health writers say to take calm breaks to help people focus.
Wellness writers encourage mindful breaks to improve focus.,Light,Wellness writers encourage careful short breaks to improve focus.
Wellness writers encourage mindful breaks to improve focus.,Very Simple,Wellness writers encourage mindful breaks to improve focus.
Wellness writers explain the benefits of preparation to make difficult tasks easier.,Moderate,Health writers say getting ready helps to make hard work easier.
Wellness writers explain the benefits of preparation to make difficult tasks easier.,Light,Wellness writers explain why preparation helps to make difficult tasks easier.
Wellness writers explain the benefits of preparation to make difficult tasks easier.,Very Simple,Wellness writers explain the benefits of preparation to make difficult tasks easier.
Wellness writers describe affordable ways to improve a space without making major changes.,Moderate,Health writers show cheap ways to make a room nicer without big changes.
Wellness writers describe affordable ways to improve a space without making major changes.,Light,Wellness writers describe low-cost ways to improve a room without making big changes.
Wellness writers describe affordable ways to improve a space without making major changes.,Very Simple,Wellness writers describe affordable ways to improve a space without making major changes.
Wellness writers share effective methods for staying organized during busy weeks.,Moderate,Health writers share ways to keep things tidy during busy weeks.
Wellness writers share effective methods for staying organized during busy weeks.,Light,Wellness writers share useful ways to stay organized during busy weeks.
Wellness writers share effective methods for staying organized during busy weeks.,Very Simple,Wellness writers share effective methods for staying organized during busy weeks.
Career coaches recommend building consistent routines to reduce daily stress.,Moderate,Job helpers say to make good habits to feel less worried.
Career coaches recommend building consistent routines to reduce daily stress.,Light,Career coaches recommend making steady routines to reduce daily stress.
Career coaches recommend building consistent routines to reduce daily stress.,Very Simple,Career coaches recommend building consistent routines to reduce daily stress.
Career coaches suggest choosing practical options to save time and money.,Moderate,Job helpers say to pick useful things to save time and money.
Career coaches suggest choosing practical options to save time and money.,Light,Career coaches suggest choosing practical options to save time and money.
Career coaches suggest choosing practical options to save time and money.,Very Simple,Career coaches suggest choosing practical options to save time and money.
Career coaches highlight the value of simple planning to avoid confusion later.,Moderate,Job helpers say planning helps so things are not confusing later.
Career coaches highlight the value of simple planning to avoid confusion later.,Light,Career coaches highlight why simple planning matters to avoid confusion later.
Career coaches highlight the value of simple planning to avoid confusion later.,Very Simple,Career coaches highlight the value of simple planning to avoid confusion later.
Career coaches encourage mindful breaks to improve focus.,Moderate,Job helpers say to take calm breaks to help people focus.
Career coaches encourage mindful breaks to improve focus.,Light,Career coaches encourage careful short breaks to improve focus.
Career coaches encourage mindful breaks to improve focus.,Very Simple,Career coaches encourage mindful breaks to improve focus.
Career coaches explain the benefits of preparation to make difficult tasks easier.,Moderate,Job helpers say getting ready helps to make hard work easier.
Career coaches explain the benefits of preparation to make difficult tasks easier.,Light,Career coaches explain why preparation helps to make difficult tasks easier.
Career coaches explain the benefits of preparation to make difficult tasks easier.,Very Simple,Career coaches explain the benefits of preparation to make difficult tasks easier.
Career coaches describe affordable ways to improve a space without making major changes.,Moderate,Job helpers show cheap ways to make a room nicer without big changes.
Career coaches describe affordable ways to improve a space without making major changes.,Very Simple,Career coaches describe low-cost ways to improve a room without making big changes.
Career coaches describe affordable ways to improve a space without making major changes.,Moderate,Career coaches describe affordable ways to improve a space without making major changes.
Career coaches share effective methods for staying organized during busy weeks.,Light,Job helpers share ways to keep things tidy during busy weeks.
Career coaches share effective methods for staying organized during busy weeks.,Very Simple,Career coaches share useful ways to stay organized during busy weeks.
Career coaches share effective methods for staying organized during busy weeks.,Moderate,Career coaches share effective methods for staying organized during busy weeks.
The brave child searched carefully for the hidden key while the forest grew darker.,Light,The brave child looked for the secret key while the woods got dark.
The brave child searched carefully for the hidden key while the forest grew darker.,Very Simple,The brave child looked carefully for the hidden key while the forest became darker.
The brave child searched carefully for the hidden key while the forest grew darker.,Moderate,The brave child searched carefully for the hidden key while the forest grew darker.
The brave child followed the mysterious trail until it reached a small cave.,Light,The brave child followed the strange path until it came to a small cave.
The brave child followed the mysterious trail until it reached a small cave.,Very Simple,The brave child followed the mysterious trail until it reached a small cave.
The brave child followed the mysterious trail until it reached a small cave.,Moderate,The brave child followed the mysterious trail until it reached a small cave.
The brave child protected the tiny lantern as the wind became stronger.,Light,The brave child kept the little light safe as the wind got strong.
The brave child protected the tiny lantern as the wind became stronger.,Very Simple,The brave child protected the tiny lantern as the wind became stronger.
The brave child protected the tiny lantern as the wind became stronger.,Moderate,The brave child protected the tiny lantern as the wind became stronger.
The brave child shared a valuable lesson when the group felt discouraged.,Light,The brave child shared an important lesson when the group felt sad.
The brave child shared a valuable lesson when the group felt discouraged.,Very Simple,The brave child shared a valuable lesson when the group felt discouraged.
The brave child shared a valuable lesson when the group felt discouraged.,Moderate,The brave child shared a valuable lesson when the group felt discouraged.
The brave child discovered an unusual message inside an old wooden box.,Light,The brave child found a strange note in an old box.
The brave child discovered an unusual message inside an old wooden box.,Very Simple,The brave child found an unusual message inside an old wooden box.
The brave child discovered an unusual message inside an old wooden box.,Moderate,The brave child discovered an unusual message inside an old wooden box.
The brave child remained hopeful during the journey even when the path was difficult.,Light,The brave child kept feeling hopeful even when the path was hard.
The brave child remained hopeful during the journey even when the path was difficult.,Very Simple,The brave child stayed hopeful during the trip even when the path was hard.
The brave child remained hopeful during the journey even when the path was difficult.,Moderate,The brave child remained hopeful during the journey even when the path was difficult.
The brave child solved the challenging riddle before the moon rose.,Light,The brave child solved the hard puzzle before the moon came up.
The brave child solved the challenging riddle before the moon rose.,Very Simple,The brave child solved the challenging riddle before the moon rose.
The brave child solved the challenging riddle before the moon rose.,Moderate,The brave child solved the challenging riddle before the moon rose.
The young explorer searched carefully for the hidden key while the forest grew darker.,Light,The young explorer looked for the secret key while the woods got dark.
The young explorer searched carefully for the hidden key while the forest grew darker.,Very Simple,The young explorer looked carefully for the hidden key while the forest became darker.
The young explorer searched carefully for the hidden key while the forest grew darker.,Moderate,The young explorer searched carefully for the hidden key while the forest grew darker.
The young explorer followed the mysterious trail until it reached a small cave.,Light,The young explorer followed the strange path until it came to a small cave.
The young explorer followed the mysterious trail until it reached a small cave.,Very Simple,The young explorer followed the mysterious trail until it reached a small cave.
The young explorer followed the mysterious trail until it reached a small cave.,Moderate,The young explorer followed the mysterious trail until it reached a small cave.
The young explorer protected the tiny lantern as the wind became stronger.,Light,The young explorer kept the little light safe as the wind got strong.
The young explorer protected the tiny lantern as the wind became stronger.,Very Simple,The young explorer protected the tiny lantern as the wind became stronger.
The young explorer protected the tiny lantern as the wind became stronger.,Moderate,The young explorer protected the tiny lantern as the wind became stronger.
The young explorer shared a valuable lesson when the group felt discouraged.,Light,The young explorer shared an important lesson when the group felt sad.
The young explorer shared a valuable lesson when the group felt discouraged.,Very Simple,The young explorer shared a valuable lesson when the group felt discouraged.
The young explorer shared a valuable lesson when the group felt discouraged.,Moderate,The young explorer shared a valuable lesson when the group felt discouraged.
The young explorer discovered an unusual message inside an old wooden box.,Light,The young explorer found a strange note in an old box.
The young explorer discovered an unusual message inside an old wooden box.,Very Simple,The young explorer found an unusual message inside an old wooden box.
The young explorer discovered an unusual message inside an old wooden box.,Moderate,The young explorer discovered an unusual message inside an old wooden box.
The young explorer remained hopeful during the journey even when the path was difficult.,Light,The young explorer kept feeling hopeful even when the path was hard.
The young explorer remained hopeful during the journey even when the path was difficult.,Very Simple,The young explorer stayed hopeful during the trip even when the path was hard.
The young explorer remained hopeful during the journey even when the path was difficult.,Moderate,The young explorer remained hopeful during the journey even when the path was difficult.
The young explorer solved the challenging riddle before the moon rose.,Light,The young explorer solved the hard puzzle before the moon came up.
The young explorer solved the challenging riddle before the moon rose.,Very Simple,The young explorer solved the challenging riddle before the moon rose.
The young explorer solved the challenging riddle before the moon rose.,Moderate,The young explorer solved the challenging riddle before the moon rose.
The curious rabbit searched carefully for the hidden key while the forest grew darker.,Light,The little rabbit looked for the secret key while the woods got dark.
The curious rabbit searched carefully for the hidden key while the forest grew darker.,Very Simple,The curious rabbit looked carefully for the hidden key while the forest became darker.
The curious rabbit searched carefully for the hidden key while the forest grew darker.,Moderate,The curious rabbit searched carefully for the hidden key while the forest grew darker.
The curious rabbit followed the mysterious trail until it reached a small cave.,Light,The little rabbit followed the strange path until it came to a small cave.
The curious rabbit followed the mysterious trail until it reached a small cave.,Very Simple,The curious rabbit followed the mysterious trail until it reached a small cave.
The curious rabbit followed the mysterious trail until it reached a small cave.,Moderate,The curious rabbit followed the mysterious trail until it reached a small cave.
The curious rabbit protected the tiny lantern as the wind became stronger.,Light,The little rabbit kept the little light safe as the wind got strong.
The curious rabbit protected the tiny lantern as the wind became stronger.,Very Simple,The curious rabbit protected the tiny lantern as the wind became stronger.
The curious rabbit protected the tiny lantern as the wind became stronger.,Moderate,The curious rabbit protected the tiny lantern as the wind became stronger.
The curious rabbit shared a valuable lesson when the group felt discouraged.,Light,The little rabbit shared an important lesson when the group felt sad.
The curious rabbit shared a valuable lesson when the group felt discouraged.,Very Simple,The curious rabbit shared a valuable lesson when the group felt discouraged.
The curious rabbit shared a valuable lesson when the group felt discouraged.,Moderate,The curious rabbit shared a valuable lesson when the group felt discouraged.
The curious rabbit discovered an unusual message inside an old wooden box.,Light,The little rabbit found a strange note in an old box.
The curious rabbit discovered an unusual message inside an old wooden box.,Very Simple,The curious rabbit found an unusual message inside an old wooden box.
The curious rabbit discovered an unusual message inside an old wooden box.,Moderate,The curious rabbit discovered an unusual message inside an old wooden box.
The curious rabbit remained hopeful during the journey even when the path was difficult.,Light,The little rabbit kept feeling hopeful even when the path was hard.
The curious rabbit remained hopeful during the journey even when the path was difficult.,Very Simple,The curious rabbit stayed hopeful during the trip even when the path was hard.
The curious rabbit remained hopeful during the journey even when the path was difficult.,Moderate,The curious rabbit remained hopeful during the journey even when the path was difficult.
The curious rabbit solved the challenging riddle before the moon rose.,Light,The little rabbit solved the hard puzzle before the moon came up.
The curious rabbit solved the challenging riddle before the moon rose.,Very Simple,The curious rabbit solved the challenging riddle before the moon rose.
The curious rabbit solved the challenging riddle before the moon rose.,Moderate,The curious rabbit solved the challenging riddle before the moon rose.
The kind princess searched carefully for the hidden key while the forest grew darker.,Very Simple,The kind princess looked for the secret key while the woods got dark.
The kind princess searched carefully for the hidden key while the forest grew darker.,Moderate,The kind princess looked carefully for the hidden key while the forest became darker.
The kind princess searched carefully for the hidden key while the forest grew darker.,Light,The kind princess searched carefully for the hidden key while the forest grew darker.
The kind princess followed the mysterious trail until it reached a small cave.,Very Simple,The kind princess followed the strange path until it came to a small cave.
The kind princess followed the mysterious trail until it reached a small cave.,Moderate,The kind princess followed the mysterious trail until it reached a small cave.
The kind princess followed the mysterious trail until it reached a small cave.,Light,The kind princess followed the mysterious trail until it reached a small cave.
The kind princess protected the tiny lantern as the wind became stronger.,Very Simple,The kind princess kept the little light safe as the wind got strong.
The kind princess protected the tiny lantern as the wind became stronger.,Moderate,The kind princess protected the tiny lantern as the wind became stronger.
The kind princess protected the tiny lantern as the wind became stronger.,Light,The kind princess protected the tiny lantern as the wind became stronger.
The kind princess shared a valuable lesson when the group felt discouraged.,Very Simple,The kind princess shared an important lesson when the group felt sad.
The kind princess shared a valuable lesson when the group felt discouraged.,Moderate,The kind princess shared a valuable lesson when the group felt discouraged.
The kind princess shared a valuable lesson when the group felt discouraged.,Light,The kind princess shared a valuable lesson when the group felt discouraged.
The kind princess discovered an unusual message inside an old wooden box.,Very Simple,The kind princess found a strange note in an old box.
The kind princess discovered an unusual message inside an old wooden box.,Moderate,The kind princess found an unusual message inside an old wooden box.
The kind princess discovered an unusual message inside an old wooden box.,Light,The kind princess discovered an unusual message inside an old wooden box.
The kind princess remained hopeful during the journey even when the path was difficult.,Very Simple,The kind princess kept feeling hopeful even when the path was hard.
The kind princess remained hopeful during the journey even when the path was difficult.,Moderate,The kind princess stayed hopeful during the trip even when the path was hard.
The kind princess remained hopeful during the journey even when the path was difficult.,Light,The kind princess remained hopeful during the journey even when the path was difficult.
The kind princess solved the challenging riddle before the moon rose.,Very Simple,The kind princess solved the hard puzzle before the moon came up.
The kind princess solved the challenging riddle before the moon rose.,Moderate,The kind princess solved the challenging riddle before the moon rose.
The kind princess solved the challenging riddle before the moon rose.,Light,The kind princess solved the challenging riddle before the moon rose.
The clever fox searched carefully for the hidden key while the forest grew darker.,Very Simple,The smart fox looked for the secret key while the woods got dark.
The clever fox searched carefully for the hidden key while the forest grew darker.,Moderate,The clever fox looked carefully for the hidden key while the forest became darker.
The clever fox searched carefully for the hidden key while the forest grew darker.,Light,The clever fox searched carefully for the hidden key while the forest grew darker.
The clever fox followed the mysterious trail until it reached a small cave.,Very Simple,The smart fox followed the strange path until it came to a small cave.
The clever fox followed the mysterious trail until it reached a small cave.,Moderate,The clever fox followed the mysterious trail until it reached a small cave.
The clever fox followed the mysterious trail until it reached a small cave.,Light,The clever fox followed the mysterious trail until it reached a small cave.
The clever fox protected the tiny lantern as the wind became stronger.,Very Simple,The smart fox kept the little light safe as the wind got strong.
The clever fox protected the tiny lantern as the wind became stronger.,Moderate,The clever fox protected the tiny lantern as the wind became stronger.
The clever fox protected the tiny lantern as the wind became stronger.,Light,The clever fox protected the tiny lantern as the wind became stronger.
The clever fox shared a valuable lesson when the group felt discouraged.,Very Simple,The smart fox shared an important lesson when the group felt sad.
The clever fox shared a valuable lesson when the group felt discouraged.,Moderate,The clever fox shared a valuable lesson when the group felt discouraged.
The clever fox shared a valuable lesson when the group felt discouraged.,Light,The clever fox shared a valuable lesson when the group felt discouraged.
The clever fox discovered an unusual message inside an old wooden box.,Very Simple,The smart fox found a strange note in an old box.
The clever fox discovered an unusual message inside an old wooden box.,Moderate,The clever fox found an unusual message inside an old wooden box.
The clever fox discovered an unusual message inside an old wooden box.,Light,The clever fox discovered an unusual message inside an old wooden box.
The clever fox remained hopeful during the journey even when the path was difficult.,Very Simple,The smart fox kept feeling hopeful even when the path was hard.
The clever fox remained hopeful during the journey even when the path was difficult.,Moderate,The clever fox stayed hopeful during the trip even when the path was hard.
The clever fox remained hopeful during the journey even when the path was difficult.,Light,The clever fox remained hopeful during the journey even when the path was difficult.
The clever fox solved the challenging riddle before the moon rose.,Very Simple,The smart fox solved the hard puzzle before the moon came up.
The clever fox solved the challenging riddle before the moon rose.,Moderate,The clever fox solved the challenging riddle before the moon rose.
The clever fox solved the challenging riddle before the moon rose.,Light,The clever fox solved the challenging riddle before the moon rose.
The small sailor searched carefully for the hidden key while the forest grew darker.,Very Simple,The little sailor looked for the secret key while the woods got dark.
The small sailor searched carefully for the hidden key while the forest grew darker.,Moderate,The small sailor looked carefully for the hidden key while the forest became darker.
The small sailor searched carefully for the hidden key while the forest grew darker.,Light,The small sailor searched carefully for the hidden key while the forest grew darker.
The small sailor followed the mysterious trail until it reached a small cave.,Very Simple,The little sailor followed the strange path until it came to a small cave.
The small sailor followed the mysterious trail until it reached a small cave.,Moderate,The small sailor followed the mysterious trail until it reached a small cave.
The small sailor followed the mysterious trail until it reached a small cave.,Light,The small sailor followed the mysterious trail until it reached a small cave.
The small sailor protected the tiny lantern as the wind became stronger.,Very Simple,The little sailor kept the little light safe as the wind got strong.
The small sailor protected the tiny lantern as the wind became stronger.,Moderate,The small sailor protected the tiny lantern as the wind became stronger.
The small sailor protected the tiny lantern as the wind became stronger.,Light,The small sailor protected the tiny lantern as the wind became stronger.
The small sailor shared a valuable lesson when the group felt discouraged.,Very Simple,The little sailor shared an important lesson when the group felt sad.
The small sailor shared a valuable lesson when the group felt discouraged.,Moderate,The small sailor shared a valuable lesson when the group felt discouraged.
The small sailor shared a valuable lesson when the group felt discouraged.,Light,The small sailor shared a valuable lesson when the group felt discouraged.
The small sailor discovered an unusual message inside an old wooden box.,Very Simple,The little sailor found a strange note in an old box.
The small sailor discovered an unusual message inside an old wooden box.,Moderate,The small sailor found an unusual message inside an old wooden box.
The small sailor discovered an unusual message inside an old wooden box.,Light,The small sailor discovered an unusual message inside an old wooden box.
The small sailor remained hopeful during the journey even when the path was difficult.,Very Simple,The little sailor kept feeling hopeful even when the path was hard.
The small sailor remained hopeful during the journey even when the path was difficult.,Moderate,The small sailor stayed hopeful during the trip even when the path was hard.
The small sailor remained hopeful during the journey even when the path was difficult.,Light,The small sailor remained hopeful during the journey even when the path was difficult.
The small sailor solved the challenging riddle before the moon rose.,Very Simple,The little sailor solved the hard puzzle before the moon came up.
The small sailor solved the challenging riddle before the moon rose.,Moderate,The small sailor solved the challenging riddle before the moon rose.
The small sailor solved the challenging riddle before the moon rose.,Light,The small sailor solved the challenging riddle before the moon rose.
The patient gardener searched carefully for the hidden key while the forest grew darker.,Very Simple,The garden helper looked for the secret key while the woods got dark.
The patient gardener searched carefully for the hidden key while the forest grew darker.,Moderate,The patient gardener looked carefully for the hidden key while the forest became darker.
The patient gardener searched carefully for the hidden key while the forest grew darker.,Light,The patient gardener searched carefully for the hidden key while the forest grew darker.
The patient gardener followed the mysterious trail until it reached a small cave.,Very Simple,The garden helper followed the strange path until it came to a small cave.
The patient gardener followed the mysterious trail until it reached a small cave.,Moderate,The patient gardener followed the mysterious trail until it reached a small cave.
The patient gardener followed the mysterious trail until it reached a small cave.,Very Simple,The patient gardener followed the mysterious trail until it reached a small cave.
The patient gardener protected the tiny lantern as the wind became stronger.,Moderate,The garden helper kept the little light safe as the wind got strong.
The patient gardener protected the tiny lantern as the wind became stronger.,Light,The patient gardener protected the tiny lantern as the wind became stronger.
The patient gardener protected the tiny lantern as the wind became stronger.,Very Simple,The patient gardener protected the tiny lantern as the wind became stronger.
The patient gardener shared a valuable lesson when the group felt discouraged.,Moderate,The garden helper shared an important lesson when the group felt sad.
The patient gardener shared a valuable lesson when the group felt discouraged.,Light,The patient gardener shared a valuable lesson when the group felt discouraged.
The patient gardener shared a valuable lesson when the group felt discouraged.,Very Simple,The patient gardener shared a valuable lesson when the group felt discouraged.
The patient gardener discovered an unusual message inside an old wooden box.,Moderate,The garden helper found a strange note in an old box.
The patient gardener discovered an unusual message inside an old wooden box.,Light,The patient gardener found an unusual message inside an old wooden box.
The patient gardener discovered an unusual message inside an old wooden box.,Very Simple,The patient gardener discovered an unusual message inside an old wooden box.
The patient gardener remained hopeful during the journey even when the path was difficult.,Moderate,The garden helper kept feeling hopeful even when the path was hard.
The patient gardener remained hopeful during the journey even when the path was difficult.,Light,The patient gardener stayed hopeful during the trip even when the path was hard.
The patient gardener remained hopeful during the journey even when the path was difficult.,Very Simple,The patient gardener remained hopeful during the journey even when the path was difficult.
The patient gardener solved the challenging riddle before the moon rose.,Moderate,The garden helper solved the hard puzzle before the moon came up.
The patient gardener solved the challenging riddle before the moon rose.,Light,The patient gardener solved the challenging riddle before the moon rose.
The patient gardener solved the challenging riddle before the moon rose.,Very Simple,The patient gardener solved the challenging riddle before the moon rose.
The friendly giant searched carefully for the hidden key while the forest grew darker.,Moderate,The friendly giant looked for the secret key while the woods got dark.
The friendly giant searched carefully for the hidden key while the forest grew darker.,Light,The friendly giant looked carefully for the hidden key while the forest became darker.
The friendly giant searched carefully for the hidden key while the forest grew darker.,Very Simple,The friendly giant searched carefully for the hidden key while the forest grew darker.
The friendly giant followed the mysterious trail until it reached a small cave.,Moderate,The friendly giant followed the strange path until it came to a small cave.
The friendly giant followed the mysterious trail until it reached a small cave.,Light,The friendly giant followed the mysterious trail until it reached a small cave.
The friendly giant followed the mysterious trail until it reached a small cave.,Very Simple,The friendly giant followed the mysterious trail until it reached a small cave.
The friendly giant protected the tiny lantern as the wind became stronger.,Moderate,The friendly giant kept the little light safe as the wind got strong.
The friendly giant protected the tiny lantern as the wind became stronger.,Light,The friendly giant protected the tiny lantern as the wind became stronger.
The friendly giant protected the tiny lantern as the wind became stronger.,Very Simple,The friendly giant protected the tiny lantern as the wind became stronger.
The friendly giant shared a valuable lesson when the group felt discouraged.,Moderate,The friendly giant shared an important lesson when the group felt sad.
The friendly giant shared a valuable lesson when the group felt discouraged.,Light,The friendly giant shared a valuable lesson when the group felt discouraged.
The friendly giant shared a valuable lesson when the group felt discouraged.,Very Simple,The friendly giant shared a valuable lesson when the group felt discouraged.
The friendly giant discovered an unusual message inside an old wooden box.,Moderate,The friendly giant found a strange note in an old box.
The friendly giant discovered an unusual message inside an old wooden box.,Light,The friendly giant found an unusual message inside an old wooden box.
The friendly giant discovered an unusual message inside an old wooden box.,Very Simple,The friendly giant discovered an unusual message inside an old wooden box.
The friendly giant remained hopeful during the journey even when the path was difficult.,Moderate,The friendly giant kept feeling hopeful even when the path was hard.
The friendly giant remained hopeful during the journey even when the path was difficult.,Light,The friendly giant stayed hopeful during the trip even when the path was hard.
The friendly giant remained hopeful during the journey even when the path was difficult.,Very Simple,The friendly giant remained hopeful during the journey even when the path was difficult.
The friendly giant solved the challenging riddle before the moon rose.,Moderate,The friendly giant solved the hard puzzle before the moon came up.
The friendly giant solved the challenging riddle before the moon rose.,Light,The friendly giant solved the challenging riddle before the moon rose.
The friendly giant solved the challenging riddle before the moon rose.,Very Simple,The friendly giant solved the challenging riddle before the moon rose.
The lost puppy searched carefully for the hidden key while the forest grew darker.,Moderate,The lost puppy looked for the secret key while the woods got dark.
The lost puppy searched carefully for the hidden key while the forest grew darker.,Light,The lost puppy looked carefully for the hidden key while the forest became darker.
The lost puppy searched carefully for the hidden key while the forest grew darker.,Very Simple,The lost puppy searched carefully for the hidden key while the forest grew darker.
The lost puppy followed the mysterious trail until it reached a small cave.,Moderate,The lost puppy followed the strange path until it came to a small cave.
The lost puppy followed the mysterious trail until it reached a small cave.,Light,The lost puppy followed the mysterious trail until it reached a small cave.
The lost puppy followed the mysterious trail until it reached a small cave.,Very Simple,The lost puppy followed the mysterious trail until it reached a small cave.
The lost puppy protected the tiny lantern as the wind became stronger.,Moderate,The lost puppy kept the little light safe as the wind got strong.
The lost puppy protected the tiny lantern as the wind became stronger.,Light,The lost puppy protected the tiny lantern as the wind became stronger.
The lost puppy protected the tiny lantern as the wind became stronger.,Very Simple,The lost puppy protected the tiny lantern as the wind became stronger.
The lost puppy shared a valuable lesson when the group felt discouraged.,Moderate,The lost puppy shared an important lesson when the group felt sad.
The lost puppy shared a valuable lesson when the group felt discouraged.,Light,The lost puppy shared a valuable lesson when the group felt discouraged.
The lost puppy shared a valuable lesson when the group felt discouraged.,Very Simple,The lost puppy shared a valuable lesson when the group felt discouraged.
The lost puppy discovered an unusual message inside an old wooden box.,Moderate,The lost puppy found a strange note in an old box.
The lost puppy discovered an unusual message inside an old wooden box.,Light,The lost puppy found an unusual message inside an old wooden box.
The lost puppy discovered an unusual message inside an old wooden box.,Very Simple,The lost puppy discovered an unusual message inside an old wooden box.
The lost puppy remained hopeful during the journey even when the path was difficult.,Moderate,The lost puppy kept feeling hopeful even when the path was hard.
The lost puppy remained hopeful during the journey even when the path was difficult.,Light,The lost puppy stayed hopeful during the trip even when the path was hard.
The lost puppy remained hopeful during the journey even when the path was difficult.,Very Simple,The lost puppy remained hopeful during the journey even when the path was difficult.
The lost puppy solved the challenging riddle before the moon rose.,Moderate,The lost puppy solved the hard puzzle before the moon came up.
The lost puppy solved the challenging riddle before the moon rose.,Light,The lost puppy solved the challenging riddle before the moon rose.
The lost puppy solved the challenging riddle before the moon rose.,Very Simple,The lost puppy solved the challenging riddle before the moon rose.
The quiet painter searched carefully for the hidden key while the forest grew darker.,Moderate,The quiet painter looked for the secret key while the woods got dark.
The quiet painter searched carefully for the hidden key while the forest grew darker.,Light,The quiet painter looked carefully for the hidden key while the forest became darker.
The quiet painter searched carefully for the hidden key while the forest grew darker.,Very Simple,The quiet painter searched carefully for the hidden key while the forest grew darker.
The quiet painter followed the mysterious trail until it reached a small cave.,Moderate,The quiet painter followed the strange path until it came to a small cave.
The quiet painter followed the mysterious trail until it reached a small cave.,Light,The quiet painter followed the mysterious trail until it reached a small cave.
The quiet painter followed the mysterious trail until it reached a small cave.,Very Simple,The quiet painter followed the mysterious trail until it reached a small cave.
The quiet painter protected the tiny lantern as the wind became stronger.,Moderate,The quiet painter kept the little light safe as the wind got strong.
The quiet painter protected the tiny lantern as the wind became stronger.,Light,The quiet painter protected the tiny lantern as the wind became stronger.
The quiet painter protected the tiny lantern as the wind became stronger.,Very Simple,The quiet painter protected the tiny lantern as the wind became stronger.
The quiet painter shared a valuable lesson when the group felt discouraged.,Moderate,The quiet painter shared an important lesson when the group felt sad.
The quiet painter shared a valuable lesson when the group felt discouraged.,Very Simple,The quiet painter shared a valuable lesson when the group felt discouraged.
The quiet painter shared a valuable lesson when the group felt discouraged.,Moderate,The quiet painter shared a valuable lesson when the group felt discouraged.
The quiet painter discovered an unusual message inside an old wooden box.,Light,The quiet painter found a strange note in an old box.
The quiet painter discovered an unusual message inside an old wooden box.,Very Simple,The quiet painter found an unusual message inside an old wooden box.
The quiet painter discovered an unusual message inside an old wooden box.,Moderate,The quiet painter discovered an unusual message inside an old wooden box.
The quiet painter remained hopeful during the journey even when the path was difficult.,Light,The quiet painter kept feeling hopeful even when the path was hard.
The quiet painter remained hopeful during the journey even when the path was difficult.,Very Simple,The quiet painter stayed hopeful during the trip even when the path was hard.
The quiet painter remained hopeful during the journey even when the path was difficult.,Moderate,The quiet painter remained hopeful during the journey even when the path was difficult.
The quiet painter solved the challenging riddle before the moon rose.,Light,The quiet painter solved the hard puzzle before the moon came up.
The quiet painter solved the challenging riddle before the moon rose.,Very Simple,The quiet painter solved the challenging riddle before the moon rose.
The quiet painter solved the challenging riddle before the moon rose.,Moderate,The quiet painter solved the challenging riddle before the moon rose.
The teacher evaluated the results carefully before making a final decision.,Light,The teacher checked the results before choosing.
The teacher evaluated the results carefully before making a final decision.,Very Simple,The teacher checked the results carefully before making a final decision.
The teacher evaluated the results carefully before making a final decision.,Moderate,The teacher evaluated the results carefully before making a final decision.
The teacher explained the complicated process so everyone could understand it.,Light,The teacher explained the hard steps so everyone could understand.
The teacher explained the complicated process so everyone could understand it.,Very Simple,The teacher explained the difficult process so everyone could understand it.
The teacher explained the complicated process so everyone could understand it.,Moderate,The teacher explained the complicated process so everyone could understand it.
The teacher organized the important materials before the meeting began.,Light,The teacher put the important things in order before the meeting started.
The teacher organized the important materials before the meeting began.,Very Simple,The teacher organized the important materials before the meeting began.
The teacher organized the important materials before the meeting began.,Moderate,The teacher organized the important materials before the meeting began.
The teacher responded calmly to the unexpected problem and helped the group move forward.,Light,The teacher stayed calm when a problem came and helped the group keep going.
The teacher responded calmly to the unexpected problem and helped the group move forward.,Very Simple,The teacher responded calmly to the sudden problem and helped the group move forward.
The teacher responded calmly to the unexpected problem and helped the group move forward.,Moderate,The teacher responded calmly to the unexpected problem and helped the group move forward.
The teacher created a practical solution after several attempts.,Light,The teacher made a helpful fix after trying a few times.
The teacher created a practical solution after several attempts.,Very Simple,The teacher created a useful solution after several tries.
The teacher created a practical solution after several attempts.,Moderate,The teacher created a practical solution after several attempts.
The teacher improved the original plan by listening to feedback.,Light,The teacher made the plan better by listening to ideas.
The teacher improved the original plan by listening to feedback.,Very Simple,The teacher improved the first plan by listening to feedback.
The teacher improved the original plan by listening to feedback.,Moderate,The teacher improved the original plan by listening to feedback.
The teacher maintained a positive attitude during the difficult task.,Light,The teacher stayed positive during the hard job.
The teacher maintained a positive attitude during the difficult task.,Very Simple,The teacher kept a positive attitude during the difficult task.
The teacher maintained a positive attitude during the difficult task.,Moderate,The teacher maintained a positive attitude during the difficult task.
The student evaluated the results carefully before making a final decision.,Light,The student checked the results before choosing.
The student evaluated the results carefully before making a final decision.,Very Simple,The student checked the results carefully before making a final decision.
The student evaluated the results carefully before making a final decision.,Moderate,The student evaluated the results carefully before making a final decision.
The student explained the complicated process so everyone could understand it.,Light,The student explained the hard steps so everyone could understand.
The student explained the complicated process so everyone could understand it.,Very Simple,The student explained the difficult process so everyone could understand it.
The student explained the complicated process so everyone could understand it.,Moderate,The student explained the complicated process so everyone could understand it.
The student organized the important materials before the meeting began.,Light,The student put the important things in order before the meeting started.
The student organized the important materials before the meeting began.,Very Simple,The student organized the important materials before the meeting began.
The student organized the important materials before the meeting began.,Moderate,The student organized the important materials before the meeting began.
The student responded calmly to the unexpected problem and helped the group move forward.,Light,The student stayed calm when a problem came and helped the group keep going.
The student responded calmly to the unexpected problem and helped the group move forward.,Very Simple,The student responded calmly to the sudden problem and helped the group move forward.
The student responded calmly to the unexpected problem and helped the group move forward.,Moderate,The student responded calmly to the unexpected problem and helped the group move forward.
The student created a practical solution after several attempts.,Light,The student made a helpful fix after trying a few times.
The student created a practical solution after several attempts.,Very Simple,The student created a useful solution after several tries.
The student created a practical solution after several attempts.,Moderate,The student created a practical solution after several attempts.
The student improved the original plan by listening to feedback.,Light,The student made the plan better by listening to ideas.
The student improved the original plan by listening to feedback.,Very Simple,The student improved the first plan by listening to feedback.
The student improved the original plan by listening to feedback.,Moderate,The student improved the original plan by listening to feedback.
The student maintained a positive attitude during the difficult task.,Light,The student stayed positive during the hard job.
The student maintained a positive attitude during the difficult task.,Very Simple,The student kept a positive attitude during the difficult task.
The student maintained a positive attitude during the difficult task.,Moderate,The student maintained a positive attitude during the difficult task.
The team evaluated the results carefully before making a final decision.,Light,The team checked the results before choosing.
The team evaluated the results carefully before making a final decision.,Very Simple,The team checked the results carefully before making a final decision.
The team evaluated the results carefully before making a final decision.,Moderate,The team evaluated the results carefully before making a final decision.
The team explained the complicated process so everyone could understand it.,Light,The team explained the hard steps so everyone could understand.
The team explained the complicated process so everyone could understand it.,Very Simple,The team explained the difficult process so everyone could understand it.
The team explained the complicated process so everyone could understand it.,Moderate,The team explained the complicated process so everyone could understand it.
The team organized the important materials before the meeting began.,Light,The team put the important things in order before the meeting started.
The team organized the important materials before the meeting began.,Very Simple,The team organized the important materials before the meeting began.
The team organized the important materials before the meeting began.,Moderate,The team organized the important materials before the meeting began.
The team responded calmly to the unexpected problem and helped the group move forward.,Light,The team stayed calm when a problem came and helped the group keep going.
The team responded calmly to the unexpected problem and helped the group move forward.,Very Simple,The team responded calmly to the sudden problem and helped the group move forward.
The team responded calmly to the unexpected problem and helped the group move forward.,Moderate,The team responded calmly to the unexpected problem and helped the group move forward.
The team created a practical solution after several attempts.,Light,The team made a helpful fix after trying a few times.
The team created a practical solution after several attempts.,Very Simple,The team created a useful solution after several tries.
The team created a practical solution after several attempts.,Moderate,The team created a practical solution after several attempts.
The team improved the original plan by listening to feedback.,Very Simple,The team made the plan better by listening to ideas.
The team improved the original plan by listening to feedback.,Moderate,The team improved the first plan by listening to feedback.
The team improved the original plan by listening to feedback.,Light,The team improved the original plan by listening to feedback.
The team maintained a positive attitude during the difficult task.,Very Simple,The team stayed positive during the hard job.
The team maintained a positive attitude during the difficult task.,Moderate,The team kept a positive attitude during the difficult task.
The team maintained a positive attitude during the difficult task.,Light,The team maintained a positive attitude during the difficult task.
The manager evaluated the results carefully before making a final decision.,Very Simple,The boss checked the results before choosing.
The manager evaluated the results carefully before making a final decision.,Moderate,The manager checked the results carefully before making a final decision.
The manager evaluated the results carefully before making a final decision.,Light,The manager evaluated the results carefully before making a final decision.
The manager explained the complicated process so everyone could understand it.,Very Simple,The boss explained the hard steps so everyone could understand.
The manager explained the complicated process so everyone could understand it.,Moderate,The manager explained the difficult process so everyone could understand it.
The manager explained the complicated process so everyone could understand it.,Light,The manager explained the complicated process so everyone could understand it.
The manager organized the important materials before the meeting began.,Very Simple,The boss put the important things in order before the meeting started.
The manager organized the important materials before the meeting began.,Moderate,The manager organized the important materials before the meeting began.
The manager organized the important materials before the meeting began.,Light,The manager organized the important materials before the meeting began.
The manager responded calmly to the unexpected problem and helped the group move forward.,Very Simple,The boss stayed calm when a problem came and helped the group keep going.
The manager responded calmly to the unexpected problem and helped the group move forward.,Moderate,The manager responded calmly to the sudden problem and helped the group move forward.
The manager responded calmly to the unexpected problem and helped the group move forward.,Light,The manager responded calmly to the unexpected problem and helped the group move forward.
The manager created a practical solution after several attempts.,Very Simple,The boss made a helpful fix after trying a few times.
The manager created a practical solution after several attempts.,Moderate,The manager created a useful solution after several tries.
The manager created a practical solution after several attempts.,Light,The manager created a practical solution after several attempts.
The manager improved the original plan by listening to feedback.,Very Simple,The boss made the plan better by listening to ideas.
The manager improved the original plan by listening to feedback.,Moderate,The manager improved the first plan by listening to feedback.
The manager improved the original plan by listening to feedback.,Light,The manager improved the original plan by listening to feedback.
The manager maintained a positive attitude during the difficult task.,Very Simple,The boss stayed positive during the hard job.
The manager maintained a positive attitude during the difficult task.,Moderate,The manager kept a positive attitude during the difficult task.
The manager maintained a positive attitude during the difficult task.,Light,The manager maintained a positive attitude during the difficult task.
The scientist evaluated the results carefully before making a final decision.,Very Simple,The scientist checked the results before choosing.
The scientist evaluated the results carefully before making a final decision.,Moderate,The scientist checked the results carefully before making a final decision.
The scientist evaluated the results carefully before making a final decision.,Light,The scientist evaluated the results carefully before making a final decision.
The scientist explained the complicated process so everyone could understand it.,Very Simple,The scientist explained the hard steps so everyone could understand.
The scientist explained the complicated process so everyone could understand it.,Moderate,The scientist explained the difficult process so everyone could understand it.
The scientist explained the complicated process so everyone could understand it.,Light,The scientist explained the complicated process so everyone could understand it.
The scientist organized the important materials before the meeting began.,Very Simple,The scientist put the important things in order before the meeting started.
The scientist organized the important materials before the meeting began.,Moderate,The scientist organized the important materials before the meeting began.
The scientist organized the important materials before the meeting began.,Light,The scientist organized the important materials before the meeting began.
The scientist responded calmly to the unexpected problem and helped the group move forward.,Very Simple,The scientist stayed calm when a problem came and helped the group keep going.
The scientist responded calmly to the unexpected problem and helped the group move forward.,Moderate,The scientist responded calmly to the sudden problem and helped the group move forward.
The scientist responded calmly to the unexpected problem and helped the group move forward.,Light,The scientist responded calmly to the unexpected problem and helped the group move forward.
The scientist created a practical solution after several attempts.,Very Simple,The scientist made a helpful fix after trying a few times.
The scientist created a practical solution after several attempts.,Moderate,The scientist created a useful solution after several tries.
The scientist created a practical solution after several attempts.,Light,The scientist created a practical solution after several attempts.
The scientist improved the original plan by listening to feedback.,Very Simple,The scientist made the plan better by listening to ideas.
The scientist improved the original plan by listening to feedback.,Moderate,The scientist improved the first plan by listening to feedback.
The scientist improved the original plan by listening to feedback.,Light,The scientist improved the original plan by listening to feedback.
The scientist maintained a positive attitude during the difficult task.,Very Simple,The scientist stayed positive during the hard job.
The scientist maintained a positive attitude during the difficult task.,Moderate,The scientist kept a positive attitude during the difficult task.
The scientist maintained a positive attitude during the difficult task.,Light,The scientist maintained a positive attitude during the difficult task.
The writer evaluated the results carefully before making a final decision.,Very Simple,The writer checked the results before choosing.
The writer evaluated the results carefully before making a final decision.,Moderate,The writer checked the results carefully before making a final decision.
The writer evaluated the results carefully before making a final decision.,Light,The writer evaluated the results carefully before making a final decision.
The writer explained the complicated process so everyone could understand it.,Very Simple,The writer explained the hard steps so everyone could understand.
The writer explained the complicated process so everyone could understand it.,Moderate,The writer explained the difficult process so everyone could understand it.
The writer explained the complicated process so everyone could understand it.,Light,The writer explained the complicated process so everyone could understand it.
The writer organized the important materials before the meeting began.,Very Simple,The writer put the important things in order before the meeting started.
The writer organized the important materials before the meeting began.,Moderate,The writer organized the important materials before the meeting began.
The writer organized the important materials before the meeting began.,Light,The writer organized the important materials before the meeting began.
The writer responded calmly to the unexpected problem and helped the group move forward.,Very Simple,The writer stayed calm when a problem came and helped the group keep going.
The writer responded calmly to the unexpected problem and helped the group move forward.,Moderate,The writer responded calmly to the sudden problem and helped the group move forward.
The writer responded calmly to the unexpected problem and helped the group move forward.,Light,The writer responded calmly to the unexpected problem and helped the group move forward.
The writer created a practical solution after several attempts.,Very Simple,The writer made a helpful fix after trying a few times.
The writer created a practical solution after several attempts.,Moderate,The writer created a useful solution after several tries.
The writer created a practical solution after several attempts.,Light,The writer created a practical solution after several attempts.
The writer improved the original plan by listening to feedback.,Very Simple,The writer made the plan better by listening to ideas.
The writer improved the original plan by listening to feedback.,Moderate,The writer improved the first plan by listening to feedback.
The writer improved the original plan by listening to feedback.,Light,The writer improved the original plan by listening to feedback.
The writer maintained a positive attitude during the difficult task.,Very Simple,The writer stayed positive during the hard job.
The writer maintained a positive attitude during the difficult task.,Moderate,The writer kept a positive attitude during the difficult task.
The writer maintained a positive attitude during the difficult task.,Very Simple,The writer maintained a positive attitude during the difficult task.
The coach evaluated the results carefully before making a final decision.,Moderate,The coach checked the results before choosing.
The coach evaluated the results carefully before making a final decision.,Light,The coach checked the results carefully before making a final decision.
The coach evaluated the results carefully before making a final decision.,Very Simple,The coach evaluated the results carefully before making a final decision.
The coach explained the complicated process so everyone could understand it.,Moderate,The coach explained the hard steps so everyone could understand.
The coach explained the complicated process so everyone could understand it.,Light,The coach explained the difficult process so everyone could understand it.
The coach explained the complicated process so everyone could understand it.,Very Simple,The coach explained the complicated process so everyone could understand it.
The coach organized the important materials before the meeting began.,Moderate,The coach put the important things in order before the meeting started.
The coach organized the important materials before the meeting began.,Light,The coach organized the important materials before the meeting began.
The coach organized the important materials before the meeting began.,Very Simple,The coach organized the important materials before the meeting began.
The coach responded calmly to the unexpected problem and helped the group move forward.,Moderate,The coach stayed calm when a problem came and helped the group keep going.
The coach responded calmly to the unexpected problem and helped the group move forward.,Light,The coach responded calmly to the sudden problem and helped the group move forward.
The coach responded calmly to the unexpected problem and helped the group move forward.,Very Simple,The coach responded calmly to the unexpected problem and helped the group move forward.
The coach created a practical solution after several attempts.,Moderate,The coach made a helpful fix after trying a few times.
The coach created a practical solution after several attempts.,Light,The coach created a useful solution after several tries.
The coach created a practical solution after several attempts.,Very Simple,The coach created a practical solution after several attempts.
The coach improved the original plan by listening to feedback.,Moderate,The coach made the plan better by listening to ideas.
The coach improved the original plan by listening to feedback.,Light,The coach improved the first plan by listening to feedback.
The coach improved the original plan by listening to feedback.,Very Simple,The coach improved the original plan by listening to feedback.
The coach maintained a positive attitude during the difficult task.,Moderate,The coach stayed positive during the hard job.
The coach maintained a positive attitude during the difficult task.,Light,The coach kept a positive attitude during the difficult task.
The coach maintained a positive attitude during the difficult task.,Very Simple,The coach maintained a positive attitude during the difficult task.
The volunteer evaluated the results carefully before making a final decision.,Moderate,The helper checked the results before choosing.
The volunteer evaluated the results carefully before making a final decision.,Light,The volunteer checked the results carefully before making a final decision.
The volunteer evaluated the results carefully before making a final decision.,Very Simple,The volunteer evaluated the results carefully before making a final decision.
The volunteer explained the complicated process so everyone could understand it.,Moderate,The helper explained the hard steps so everyone could understand.
The volunteer explained the complicated process so everyone could understand it.,Light,The volunteer explained the difficult process so everyone could understand it.
The volunteer explained the complicated process so everyone could understand it.,Very Simple,The volunteer explained the complicated process so everyone could understand it.
The volunteer organized the important materials before the meeting began.,Moderate,The helper put the important things in order before the meeting started.
The volunteer organized the important materials before the meeting began.,Light,The volunteer organized the important materials before the meeting began.
The volunteer organized the important materials before the meeting began.,Very Simple,The volunteer organized the important materials before the meeting began.
The volunteer responded calmly to the unexpected problem and helped the group move forward.,Moderate,The helper stayed calm when a problem came and helped the group keep going.
The volunteer responded calmly to the unexpected problem and helped the group move forward.,Light,The volunteer responded calmly to the sudden problem and helped the group move forward.
The volunteer responded calmly to the unexpected problem and helped the group move forward.,Very Simple,The volunteer responded calmly to the unexpected problem and helped the group move forward.
The volunteer created a practical solution after several attempts.,Moderate,The helper made a helpful fix after trying a few times.
The volunteer created a practical solution after several attempts.,Light,The volunteer created a useful solution after several tries.
The volunteer created a practical solution after several attempts.,Very Simple,The volunteer created a practical solution after several attempts.
The volunteer improved the original plan by listening to feedback.,Moderate,The helper made the plan better by listening to ideas.
The volunteer improved the original plan by listening to feedback.,Light,The volunteer improved the first plan by listening to feedback.
The volunteer improved the original plan by listening to feedback.,Very Simple,The volunteer improved the original plan by listening to feedback.
The volunteer maintained a positive attitude during the difficult task.,Moderate,The helper stayed positive during the hard job.
The volunteer maintained a positive attitude during the difficult task.,Light,The volunteer kept a positive attitude during the difficult task.
The volunteer maintained a positive attitude during the difficult task.,Very Simple,The volunteer maintained a positive attitude during the difficult task.
An engineer evaluated the results carefully before making a final decision.,Moderate,The builder checked the results before choosing.
An engineer evaluated the results carefully before making a final decision.,Light,An engineer checked the results carefully before making a final decision.
An engineer evaluated the results carefully before making a final decision.,Very Simple,An engineer evaluated the results carefully before making a final decision.
An engineer explained the complicated process so everyone could understand it.,Moderate,The builder explained the hard steps so everyone could understand.
An engineer explained the complicated process so everyone could understand it.,Light,An engineer explained the difficult process so everyone could understand it.
An engineer explained the complicated process so everyone could understand it.,Very Simple,An engineer explained the complicated process so everyone could understand it.
An engineer organized the important materials before the meeting began.,Moderate,The builder put the important things in order before the meeting started.
An engineer organized the important materials before the meeting began.,Light,An engineer organized the important materials before the meeting began.
An engineer organized the important materials before the meeting began.,Very Simple,An engineer organized the important materials before the meeting began.
An engineer responded calmly to the unexpected problem and helped the group move forward.,Moderate,The builder stayed calm when a problem came and helped the group keep going.
An engineer responded calmly to the unexpected problem and helped the group move forward.,Light,An engineer responded calmly to the sudden problem and helped the group move forward.
An engineer responded calmly to the unexpected problem and helped the group move forward.,Very Simple,An engineer responded calmly to the unexpected problem and helped the group move forward.
An engineer created a practical solution after several attempts.,Moderate,The builder made a helpful fix after trying a few times.
An engineer created a practical solution after several attempts.,Light,An engineer created a useful solution after several tries.
An engineer created a practical solution after several attempts.,Very Simple,An engineer created a practical solution after several attempts.
An engineer improved the original plan by listening to feedback.,Moderate,The builder made the plan better by listening to ideas.
An engineer improved the original plan by listening to feedback.,Light,An engineer improved the first plan by listening to feedback.
An engineer improved the original plan by listening to feedback.,Very Simple,An engineer improved the original plan by listening to feedback.
An engineer maintained a positive attitude during the difficult task.,Moderate,The builder stayed positive during the hard job.
An engineer maintained a positive attitude during the difficult task.,Light,An engineer kept a positive attitude during the difficult task.
An engineer maintained a positive attitude during the difficult task.,Very Simple,An engineer maintained a positive attitude during the difficult task.
The researcher evaluated the results carefully before making a final decision.,Moderate,The researcher checked the results before choosing.
The researcher evaluated the results carefully before making a final decision.,Light,The researcher checked the results carefully before making a final decision.
The researcher evaluated the results carefully before making a final decision.,Very Simple,The researcher evaluated the results carefully before making a final decision.
The researcher explained the complicated process so everyone could understand it.,Moderate,The researcher explained the hard steps so everyone could understand.
The researcher explained the complicated process so everyone could understand it.,Very Simple,The researcher explained the difficult process so everyone could understand it.
The researcher explained the complicated process so everyone could understand it.,Moderate,The researcher explained the complicated process so everyone could understand it.
The researcher organized the important materials before the meeting began.,Light,The researcher put the important things in order before the meeting started.
The researcher organized the important materials before the meeting began.,Very Simple,The researcher organized the important materials before the meeting began.
The researcher organized the important materials before the meeting began.,Moderate,The researcher organized the important materials before the meeting began.
The researcher responded calmly to the unexpected problem and helped the group move forward.,Light,The researcher stayed calm when a problem came and helped the group keep going.
The researcher responded calmly to the unexpected problem and helped the group move forward.,Very Simple,The researcher responded calmly to the sudden problem and helped the group move forward.
The researcher responded calmly to the unexpected problem and helped the group move forward.,Moderate,The researcher responded calmly to the unexpected problem and helped the group move forward.
The researcher created a practical solution after several attempts.,Light,The researcher made a helpful fix after trying a few times.
The researcher created a practical solution after several attempts.,Very Simple,The researcher created a useful solution after several tries.
The researcher created a practical solution after several attempts.,Moderate,The researcher created a practical solution after several attempts.
The researcher improved the original plan by listening to feedback.,Light,The researcher made the plan better by listening to ideas.
The researcher improved the original plan by listening to feedback.,Very Simple,The researcher improved the first plan by listening to feedback.
The researcher improved the original plan by listening to feedback.,Moderate,The researcher improved the original plan by listening to feedback.
The researcher maintained a positive attitude during the difficult task.,Light,The researcher stayed positive during the hard job.
The researcher maintained a positive attitude during the difficult task.,Very Simple,The researcher kept a positive attitude during the difficult task.
The researcher maintained a positive attitude during the difficult task.,Moderate,The researcher maintained a positive attitude during the difficult task.
"The old cottage seemed different after the rain stopped. A soft light appeared, and everyone felt a little more hopeful.",Light,The old house looked different after the rain. A soft light came. People felt better.
"The old cottage seemed different after the rain stopped. A soft light appeared, and everyone felt a little more hopeful.",Very Simple,"The old cottage seemed different after the rain stopped. A soft light appeared, and everyone felt a little more hopeful."
"The old cottage seemed different after the rain stopped. A soft light appeared, and everyone felt a little more hopeful.",Moderate,"The old cottage seemed different after the rain stopped. A soft light appeared, and everyone felt a little more hopeful."
"The old cottage became quiet as evening arrived. The characters listened carefully, unsure of what would happen next.",Light,The old house got quiet at night. The people listened. They did not know what would happen.
"The old cottage became quiet as evening arrived. The characters listened carefully, unsure of what would happen next.",Very Simple,The old cottage became quiet when evening came. The characters listened carefully because they did not know what would happen next.
"The old cottage became quiet as evening arrived. The characters listened carefully, unsure of what would happen next.",Moderate,"The old cottage became quiet as evening arrived. The characters listened carefully, unsure of what would happen next."
"The small village seemed different after the rain stopped. A soft light appeared, and everyone felt a little more hopeful.",Light,The small town looked different after the rain. A soft light came. People felt better.
"The small village seemed different after the rain stopped. A soft light appeared, and everyone felt a little more hopeful.",Very Simple,"The small village seemed different after the rain stopped. A soft light appeared, and everyone felt a little more hopeful."
"The small village seemed different after the rain stopped. A soft light appeared, and everyone felt a little more hopeful.",Moderate,"The small village seemed different after the rain stopped. A soft light appeared, and everyone felt a little more hopeful."
"The small village became quiet as evening arrived. The characters listened carefully, unsure of what would happen next.",Light,The small town got quiet at night. The people listened. They did not know what would happen.
"The small village became quiet as evening arrived. The characters listened carefully, unsure of what would happen next.",Very Simple,The small village became quiet when evening came. The characters listened carefully because they did not know what would happen next.
"The small village became quiet as evening arrived. The characters listened carefully, unsure of what would happen next.",Moderate,"The small village became quiet as evening arrived. The characters listened carefully, unsure of what would happen next."
"The quiet forest seemed different after the rain stopped. A soft light appeared, and everyone felt a little more hopeful.",Light,The quiet woods looked different after the rain. A soft light came. People felt better.
"The quiet forest seemed different after the rain stopped. A soft light appeared, and everyone felt a little more hopeful.",Very Simple,"The quiet forest seemed different after the rain stopped. A soft light appeared, and everyone felt a little more hopeful."
"The quiet forest seemed different after the rain stopped. A soft light appeared, and everyone felt a little more hopeful.",Moderate,"The quiet forest seemed different after the rain stopped. A soft light appeared, and everyone felt a little more hopeful."
"The quiet forest became quiet as evening arrived. The characters listened carefully, unsure of what would happen next.",Light,The quiet woods got quiet at night. The people listened. They did not know what would happen.
"The quiet forest became quiet as evening arrived. The characters listened carefully, unsure of what would happen next.",Very Simple,The quiet forest became quiet when evening came. The characters listened carefully because they did not know what would happen next.
"The quiet forest became quiet as evening arrived. The characters listened carefully, unsure of what would happen next.",Moderate,"The quiet forest became quiet as evening arrived. The characters listened carefully, unsure of what would happen next."
"The stone tower seemed different after the rain stopped. A soft light appeared, and everyone felt a little more hopeful.",Light,The stone tower looked different after the rain. A soft light came. People felt better.
"The stone tower seemed different after the rain stopped. A soft light appeared, and everyone felt a little more hopeful.",Very Simple,"The stone tower seemed different after the rain stopped. A soft light appeared, and everyone felt a little more hopeful."
"The stone tower seemed different after the rain stopped. A soft light appeared, and everyone felt a little more hopeful.",Moderate,"The stone tower seemed different after the rain stopped. A soft light appeared, and everyone felt a little more hopeful."
"The stone tower became quiet as evening arrived. The characters listened carefully, unsure of what would happen next.",Light,The stone tower got quiet at night. The people listened. They did not know what would happen.
"The stone tower became quiet as evening arrived. The characters listened carefully, unsure of what would happen next.",Very Simple,The stone tower became quiet when evening came. The characters listened carefully because they did not know what would happen next.
"The stone tower became quiet as evening arrived. The characters listened carefully, unsure of what would happen next.",Moderate,"The stone tower became quiet as evening arrived. The characters listened carefully, unsure of what would happen next."
"The hidden garden seemed different after the rain stopped. A soft light appeared, and everyone felt a little more hopeful.",Light,The secret garden looked different after the rain. A soft light came. People felt better.
"The hidden garden seemed different after the rain stopped. A soft light appeared, and everyone felt a little more hopeful.",Very Simple,"The hidden garden seemed different after the rain stopped. A soft light appeared, and everyone felt a little more hopeful."
"The hidden garden seemed different after the rain stopped. A soft light appeared, and everyone felt a little more hopeful.",Moderate,"The hidden garden seemed different after the rain stopped. A soft light appeared, and everyone felt a little more hopeful."
"The hidden garden became quiet as evening arrived. The characters listened carefully, unsure of what would happen next.",Light,The secret garden got quiet at night. The people listened. They did not know what would happen.
"The hidden garden became quiet as evening arrived. The characters listened carefully, unsure of what would happen next.",Very Simple,The hidden garden became quiet when evening came. The characters listened carefully because they did not know what would happen next.
"The hidden garden became quiet as evening arrived. The characters listened carefully, unsure of what would happen next.",Moderate,"The hidden garden became quiet as evening arrived. The characters listened carefully, unsure of what would happen next."
"The empty theater seemed different after the rain stopped. A soft light appeared, and everyone felt a little more hopeful.",Light,The empty theater looked different after the rain. A soft light came. People felt better.
"The empty theater seemed different after the rain stopped. A soft light appeared, and everyone felt a little more hopeful.",Very Simple,"The empty theater seemed different after the rain stopped. A soft light appeared, and everyone felt a little more hopeful."
"The empty theater seemed different after the rain stopped. A soft light appeared, and everyone felt a little more hopeful.",Moderate,"The empty theater seemed different after the rain stopped. A soft light appeared, and everyone felt a little more hopeful."
"The empty theater became quiet as evening arrived. The characters listened carefully, unsure of what would happen next.",Light,The empty theater got quiet at night. The people listened. They did not know what would happen.
"The empty theater became quiet as evening arrived. The characters listened carefully, unsure of what would happen next.",Very Simple,The empty theater became quiet when evening came. The characters listened carefully because they did not know what would happen next.
"The empty theater became quiet as evening arrived. The characters listened carefully, unsure of what would happen next.",Moderate,"The empty theater became quiet as evening arrived. The characters listened carefully, unsure of what would happen next."
"The peaceful island seemed different after the rain stopped. A soft light appeared, and everyone felt a little more hopeful.",Light,The calm island looked different after the rain. A soft light came. People felt better.
"The peaceful island seemed different after the rain stopped. A soft light appeared, and everyone felt a little more hopeful.",Very Simple,"The peaceful island seemed different after the rain stopped. A soft light appeared, and everyone felt a little more hopeful."
"The peaceful island seemed different after the rain stopped. A soft light appeared, and everyone felt a little more hopeful.",Moderate,"The peaceful island seemed different after the rain stopped. A soft light appeared, and everyone felt a little more hopeful."
"The peaceful island became quiet as evening arrived. The characters listened carefully, unsure of what would happen next.",Light,The calm island got quiet at night. The people listened. They did not know what would happen.
"The peaceful island became quiet as evening arrived. The characters listened carefully, unsure of what would happen next.",Very Simple,The peaceful island became quiet when evening came. The characters listened carefully because they did not know what would happen next.
"The peaceful island became quiet as evening arrived. The characters listened carefully, unsure of what would happen next.",Moderate,"The peaceful island became quiet as evening arrived. The characters listened carefully, unsure of what would happen next."
"The snowy mountain seemed different after the rain stopped. A soft light appeared, and everyone felt a little more hopeful.",Light,The snowy mountain looked different after the rain. A soft light came. People felt better.
"The snowy mountain seemed different after the rain stopped. A soft light appeared, and everyone felt a little more hopeful.",Very Simple,"The snowy mountain seemed different after the rain stopped. A soft light appeared, and everyone felt a little more hopeful."
"The snowy mountain seemed different after the rain stopped. A soft light appeared, and everyone felt a little more hopeful.",Moderate,"The snowy mountain seemed different after the rain stopped. A soft light appeared, and everyone felt a little more hopeful."
"The snowy mountain became quiet as evening arrived. The characters listened carefully, unsure of what would happen next.",Light,The snowy mountain got quiet at night. The people listened. They did not know what would happen.
"The snowy mountain became quiet as evening arrived. The characters listened carefully, unsure of what would happen next.",Very Simple,The snowy mountain became quiet when evening came. The characters listened carefully because they did not know what would happen next.
"The snowy mountain became quiet as evening arrived. The characters listened carefully, unsure of what would happen next.",Moderate,"The snowy mountain became quiet as evening arrived. The characters listened carefully, unsure of what would happen next."
"The forgotten road seemed different after the rain stopped. A soft light appeared, and everyone felt a little more hopeful.",Light,The old road looked different after the rain. A soft light came. People felt better.
"The forgotten road seemed different after the rain stopped. A soft light appeared, and everyone felt a little more hopeful.",Very Simple,"The forgotten road seemed different after the rain stopped. A soft light appeared, and everyone felt a little more hopeful."
"The forgotten road seemed different after the rain stopped. A soft light appeared, and everyone felt a little more hopeful.",Moderate,"The forgotten road seemed different after the rain stopped. A soft light appeared, and everyone felt a little more hopeful."
"The forgotten road became quiet as evening arrived. The characters listened carefully, unsure of what would happen next.",Very Simple,The old road got quiet at night. The people listened. They did not know what would happen.
"The forgotten road became quiet as evening arrived. The characters listened carefully, unsure of what would happen next.",Moderate,The forgotten road became quiet when evening came. The characters listened carefully because they did not know what would happen next.
"The forgotten road became quiet as evening arrived. The characters listened carefully, unsure of what would happen next.",Light,"The forgotten road became quiet as evening arrived. The characters listened carefully, unsure of what would happen next."
"The bright marketplace seemed different after the rain stopped. A soft light appeared, and everyone felt a little more hopeful.",Very Simple,The busy market looked different after the rain. A soft light came. People felt better.
"The bright marketplace seemed different after the rain stopped. A soft light appeared, and everyone felt a little more hopeful.",Moderate,"The bright marketplace seemed different after the rain stopped. A soft light appeared, and everyone felt a little more hopeful."
"The bright marketplace seemed different after the rain stopped. A soft light appeared, and everyone felt a little more hopeful.",Light,"The bright marketplace seemed different after the rain stopped. A soft light appeared, and everyone felt a little more hopeful."
"The bright marketplace became quiet as evening arrived. The characters listened carefully, unsure of what would happen next.",Very Simple,The busy market got quiet at night. The people listened. They did not know what would happen.
"The bright marketplace became quiet as evening arrived. The characters listened carefully, unsure of what would happen next.",Moderate,The bright marketplace became quiet when evening came. The characters listened carefully because they did not know what would happen next.
"The bright marketplace became quiet as evening arrived. The characters listened carefully, unsure of what would happen next.",Light,"The bright marketplace became quiet as evening arrived. The characters listened carefully, unsure of what would happen next."
The newspaper reported that the new playground will begin next month to improve services for families. Officials said the plan was created after residents asked for more support.,Very Simple,The news said the new playground will start soon to help families. Leaders said people asked for more help.
The newspaper reported that the new playground will begin next month to improve services for families. Officials said the plan was created after residents asked for more support.,Moderate,The newspaper said the new playground will begin next month to improve services for families. Officials said the plan was made after residents asked for more support.
The newspaper reported that the new playground will begin next month to improve services for families. Officials said the plan was created after residents asked for more support.,Light,The newspaper reported that the new playground will begin next month to improve services for families. Officials said the plan was created after residents asked for more support.
The newspaper reported that the new playground has received positive feedback from local residents. Many people said the change could make daily life easier.,Very Simple,The news said the new playground got nice comments from people nearby. Many people said it could help.
The newspaper reported that the new playground has received positive feedback from local residents. Many people said the change could make daily life easier.,Moderate,The newspaper said the new playground has received positive feedback from local residents. Many people said the change could make daily life easier.
The newspaper reported that the new playground has received positive feedback from local residents. Many people said the change could make daily life easier.,Light,The newspaper reported that the new playground has received positive feedback from local residents. Many people said the change could make daily life easier.
The newspaper reported that the public library will begin next month to improve services for families. Officials said the plan was created after residents asked for more support.,Very Simple,The news said the library will start soon to help families. Leaders said people asked for more help.
The newspaper reported that the public library will begin next month to improve services for families. Officials said the plan was created after residents asked for more support.,Moderate,The newspaper said the public library will begin next month to improve services for families. Officials said the plan was made after residents asked for more support.
The newspaper reported that the public library will begin next month to improve services for families. Officials said the plan was created after residents asked for more support.,Light,The newspaper reported that the public library will begin next month to improve services for families. Officials said the plan was created after residents asked for more support.
The newspaper reported that the public library has received positive feedback from local residents. Many people said the change could make daily life easier.,Very Simple,The news said the library got nice comments from people nearby. Many people said it could help.
The newspaper reported that the public library has received positive feedback from local residents. Many people said the change could make daily life easier.,Moderate,The newspaper said the public library has received positive feedback from local residents. Many people said the change could make daily life easier.
The newspaper reported that the public library has received positive feedback from local residents. Many people said the change could make daily life easier.,Light,The newspaper reported that the public library has received positive feedback from local residents. Many people said the change could make daily life easier.
The newspaper reported that the community garden will begin next month to improve services for families. Officials said the plan was created after residents asked for more support.,Very Simple,The news said the garden will start soon to help families. Leaders said people asked for more help.
The newspaper reported that the community garden will begin next month to improve services for families. Officials said the plan was created after residents asked for more support.,Moderate,The newspaper said the community garden will begin next month to improve services for families. Officials said the plan was made after residents asked for more support.
The newspaper reported that the community garden will begin next month to improve services for families. Officials said the plan was created after residents asked for more support.,Light,The newspaper reported that the community garden will begin next month to improve services for families. Officials said the plan was created after residents asked for more support.
The newspaper reported that the community garden has received positive feedback from local residents. Many people said the change could make daily life easier.,Very Simple,The news said the garden got nice comments from people nearby. Many people said it could help.
The newspaper reported that the community garden has received positive feedback from local residents. Many people said the change could make daily life easier.,Moderate,The newspaper said the community garden has received positive feedback from local residents. Many people said the change could make daily life easier.
The newspaper reported that the community garden has received positive feedback from local residents. Many people said the change could make daily life easier.,Light,The newspaper reported that the community garden has received positive feedback from local residents. Many people said the change could make daily life easier.
The newspaper reported that the walking path will begin next month to improve services for families. Officials said the plan was created after residents asked for more support.,Very Simple,The news said the walking path will start soon to help families. Leaders said people asked for more help.
The newspaper reported that the walking path will begin next month to improve services for families. Officials said the plan was created after residents asked for more support.,Moderate,The newspaper said the walking path will begin next month to improve services for families. Officials said the plan was made after residents asked for more support.
The newspaper reported that the walking path will begin next month to improve services for families. Officials said the plan was created after residents asked for more support.,Light,The newspaper reported that the walking path will begin next month to improve services for families. Officials said the plan was created after residents asked for more support.
The newspaper reported that the walking path has received positive feedback from local residents. Many people said the change could make daily life easier.,Very Simple,The news said the walking path got nice comments from people nearby. Many people said it could help.
The newspaper reported that the walking path has received positive feedback from local residents. Many people said the change could make daily life easier.,Moderate,The newspaper said the walking path has received positive feedback from local residents. Many people said the change could make daily life easier.
The newspaper reported that the walking path has received positive feedback from local residents. Many people said the change could make daily life easier.,Light,The newspaper reported that the walking path has received positive feedback from local residents. Many people said the change could make daily life easier.
The newspaper reported that the bus schedule will begin next month to improve services for families. Officials said the plan was created after residents asked for more support.,Very Simple,The news said the bus times will start soon to help families. Leaders said people asked for more help.
The newspaper reported that the bus schedule will begin next month to improve services for families. Officials said the plan was created after residents asked for more support.,Moderate,The newspaper said the bus schedule will begin next month to improve services for families. Officials said the plan was made after residents asked for more support.
The newspaper reported that the bus schedule will begin next month to improve services for families. Officials said the plan was created after residents asked for more support.,Light,The newspaper reported that the bus schedule will begin next month to improve services for families. Officials said the plan was created after residents asked for more support.
The newspaper reported that the bus schedule has received positive feedback from local residents. Many people said the change could make daily life easier.,Very Simple,The news said the bus times got nice comments from people nearby. Many people said it could help.
The newspaper reported that the bus schedule has received positive feedback from local residents. Many people said the change could make daily life easier.,Moderate,The newspaper said the bus schedule has received positive feedback from local residents. Many people said the change could make daily life easier.
The newspaper reported that the bus schedule has received positive feedback from local residents. Many people said the change could make daily life easier.,Light,The newspaper reported that the bus schedule has received positive feedback from local residents. Many people said the change could make daily life easier.
The newspaper reported that the school lunch program will begin next month to improve services for families. Officials said the plan was created after residents asked for more support.,Very Simple,The news said the school lunch plan will start soon to help families. Leaders said people asked for more help.
The newspaper reported that the school lunch program will begin next month to improve services for families. Officials said the plan was created after residents asked for more support.,Moderate,The newspaper said the school lunch program will begin next month to improve services for families. Officials said the plan was made after residents asked for more support.
The newspaper reported that the school lunch program will begin next month to improve services for families. Officials said the plan was created after residents asked for more support.,Light,The newspaper reported that the school lunch program will begin next month to improve services for families. Officials said the plan was created after residents asked for more support.
The newspaper reported that the school lunch program has received positive feedback from local residents. Many people said the change could make daily life easier.,Very Simple,The news said the school lunch plan got nice comments from people nearby. Many people said it could help.
The newspaper reported that the school lunch program has received positive feedback from local residents. Many people said the change could make daily life easier.,Moderate,The newspaper said the school lunch program has received positive feedback from local residents. Many people said the change could make daily life easier.
The newspaper reported that the school lunch program has received positive feedback from local residents. Many people said the change could make daily life easier.,Light,The newspaper reported that the school lunch program has received positive feedback from local residents. Many people said the change could make daily life easier.
The newspaper reported that the water-saving plan will begin next month to improve services for families. Officials said the plan was created after residents asked for more support.,Very Simple,The news said the water-saving plan will start soon to help families. Leaders said people asked for more help.
The newspaper reported that the water-saving plan will begin next month to improve services for families. Officials said the plan was created after residents asked for more support.,Moderate,The newspaper said the water-saving plan will begin next month to improve services for families. Officials said the plan was made after residents asked for more support.
The newspaper reported that the water-saving plan will begin next month to improve services for families. Officials said the plan was created after residents asked for more support.,Light,The newspaper reported that the water-saving plan will begin next month to improve services for families. Officials said the plan was created after residents asked for more support.
The newspaper reported that the water-saving plan has received positive feedback from local residents. Many people said the change could make daily life easier.,Very Simple,The news said the water-saving plan got nice comments from people nearby. Many people said it could help.
The newspaper reported that the water-saving plan has received positive feedback from local residents. Many people said the change could make daily life easier.,Moderate,The newspaper said the water-saving plan has received positive feedback from local residents. Many people said the change could make daily life easier.
The newspaper reported that the water-saving plan has received positive feedback from local residents. Many people said the change could make daily life easier.,Light,The newspaper reported that the water-saving plan has received positive feedback from local residents. Many people said the change could make daily life easier.
The newspaper reported that the recycling center will begin next month to improve services for families. Officials said the plan was created after residents asked for more support.,Very Simple,The news said the recycling place will start soon to help families. Leaders said people asked for more help.
The newspaper reported that the recycling center will begin next month to improve services for families. Officials said the plan was created after residents asked for more support.,Moderate,The newspaper said the recycling center will begin next month to improve services for families. Officials said the plan was made after residents asked for more support.
The newspaper reported that the recycling center will begin next month to improve services for families. Officials said the plan was created after residents asked for more support.,Light,The newspaper reported that the recycling center will begin next month to improve services for families. Officials said the plan was created after residents asked for more support.
The newspaper reported that the recycling center has received positive feedback from local residents. Many people said the change could make daily life easier.,Very Simple,The news said the recycling place got nice comments from people nearby. Many people said it could help.
The newspaper reported that the recycling center has received positive feedback from local residents. Many people said the change could make daily life easier.,Moderate,The newspaper said the recycling center has received positive feedback from local residents. Many people said the change could make daily life easier.
The newspaper reported that the recycling center has received positive feedback from local residents. Many people said the change could make daily life easier.,Light,The newspaper reported that the recycling center has received positive feedback from local residents. Many people said the change could make daily life easier.
The newspaper reported that the local art project will begin next month to improve services for families. Officials said the plan was created after residents asked for more support.,Very Simple,The news said the art project will start soon to help families. Leaders said people asked for more help.
The newspaper reported that the local art project will begin next month to improve services for families. Officials said the plan was created after residents asked for more support.,Moderate,The newspaper said the local art project will begin next month to improve services for families. Officials said the plan was made after residents asked for more support.
The newspaper reported that the local art project will begin next month to improve services for families. Officials said the plan was created after residents asked for more support.,Light,The newspaper reported that the local art project will begin next month to improve services for families. Officials said the plan was created after residents asked for more support.
The newspaper reported that the local art project has received positive feedback from local residents. Many people said the change could make daily life easier.,Very Simple,The news said the art project got nice comments from people nearby. Many people said it could help.
The newspaper reported that the local art project has received positive feedback from local residents. Many people said the change could make daily life easier.,Moderate,The newspaper said the local art project has received positive feedback from local residents. Many people said the change could make daily life easier.
The newspaper reported that the local art project has received positive feedback from local residents. Many people said the change could make daily life easier.,Light,The newspaper reported that the local art project has received positive feedback from local residents. Many people said the change could make daily life easier.
The newspaper reported that the street repair plan will begin next month to improve services for families. Officials said the plan was created after residents asked for more support.,Very Simple,The news said the road repair plan will start soon to help families. Leaders said people asked for more help.
The newspaper reported that the street repair plan will begin next month to improve services for families. Officials said the plan was created after residents asked for more support.,Moderate,The newspaper said the street repair plan will begin next month to improve services for families. Officials said the plan was made after residents asked for more support.
The newspaper reported that the street repair plan will begin next month to improve services for families. Officials said the plan was created after residents asked for more support.,Light,The newspaper reported that the street repair plan will begin next month to improve services for families. Officials said the plan was created after residents asked for more support.
The newspaper reported that the street repair plan has received positive feedback from local residents. Many people said the change could make daily life easier.,Very Simple,The news said the road repair plan got nice comments from people nearby. Many people said it could help.
The newspaper reported that the street repair plan has received positive feedback from local residents. Many people said the change could make daily life easier.,Moderate,The newspaper said the street repair plan has received positive feedback from local residents. Many people said the change could make daily life easier.
The newspaper reported that the street repair plan has received positive feedback from local residents. Many people said the change could make daily life easier.,Very Simple,The newspaper reported that the street repair plan has received positive feedback from local residents. Many people said the change could make daily life easier.
The magazine article explains how getting enough sleep can improve energy and concentration over time. The article suggests starting with one small habit instead of changing everything at once.,Moderate,The article says sleeping enough can help people feel better and think better. The article says to start with one small habit.
The magazine article explains how getting enough sleep can improve energy and concentration over time. The article suggests starting with one small habit instead of changing everything at once.,Light,The magazine article explains how getting enough sleep can improve energy and focus over time. The article suggests starting with one small habit instead of changing everything at once.
The magazine article explains how getting enough sleep can improve energy and concentration over time. The article suggests starting with one small habit instead of changing everything at once.,Very Simple,The magazine article explains how getting enough sleep can improve energy and concentration over time. The article suggests starting with one small habit instead of changing everything at once.
The magazine article explains how getting enough sleep can make busy days feel more manageable. Experts recommend choosing simple steps that are easy to repeat.,Moderate,The article says sleeping enough can make busy days easier. Experts say to choose easy steps.
The magazine article explains how getting enough sleep can make busy days feel more manageable. Experts recommend choosing simple steps that are easy to repeat.,Light,The magazine article explains how getting enough sleep can make busy days easier to manage. Experts recommend simple steps that are easy to repeat.
The magazine article explains how getting enough sleep can make busy days feel more manageable. Experts recommend choosing simple steps that are easy to repeat.,Very Simple,The magazine article explains how getting enough sleep can make busy days feel more manageable. Experts recommend choosing simple steps that are easy to repeat.
The magazine article explains how drinking more water can improve energy and concentration over time. The article suggests starting with one small habit instead of changing everything at once.,Moderate,The article says drinking water can help people feel better and think better. The article says to start with one small habit.
The magazine article explains how drinking more water can improve energy and concentration over time. The article suggests starting with one small habit instead of changing everything at once.,Light,The magazine article explains how drinking more water can improve energy and focus over time. The article suggests starting with one small habit instead of changing everything at once.
The magazine article explains how drinking more water can improve energy and concentration over time. The article suggests starting with one small habit instead of changing everything at once.,Very Simple,The magazine article explains how drinking more water can improve energy and concentration over time. The article suggests starting with one small habit instead of changing everything at once.
The magazine article explains how drinking more water can make busy days feel more manageable. Experts recommend choosing simple steps that are easy to repeat.,Moderate,The article says drinking water can make busy days easier. Experts say to choose easy steps.
The magazine article explains how drinking more water can make busy days feel more manageable. Experts recommend choosing simple steps that are easy to repeat.,Light,The magazine article explains how drinking more water can make busy days easier to manage. Experts recommend simple steps that are easy to repeat.
The magazine article explains how drinking more water can make busy days feel more manageable. Experts recommend choosing simple steps that are easy to repeat.,Very Simple,The magazine article explains how drinking more water can make busy days feel more manageable. Experts recommend choosing simple steps that are easy to repeat.
The magazine article explains how keeping a tidy desk can improve energy and concentration over time. The article suggests starting with one small habit instead of changing everything at once.,Moderate,The article says keeping a clean desk can help people feel better and think better. The article says to start with one small habit.
The magazine article explains how keeping a tidy desk can improve energy and concentration over time. The article suggests starting with one small habit instead of changing everything at once.,Light,The magazine article explains how keeping a tidy desk can improve energy and focus over time. The article suggests starting with one small habit instead of changing everything at once.
The magazine article explains how keeping a tidy desk can improve energy and concentration over time. The article suggests starting with one small habit instead of changing everything at once.,Very Simple,The magazine article explains how keeping a tidy desk can improve energy and concentration over time. The article suggests starting with one small habit instead of changing everything at once.
The magazine article explains how keeping a tidy desk can make busy days feel more manageable. Experts recommend choosing simple steps that are easy to repeat.,Moderate,The article says keeping a clean desk can make busy days easier. Experts say to choose easy steps.
The magazine article explains how keeping a tidy desk can make busy days feel more manageable. Experts recommend choosing simple steps that are easy to repeat.,Light,The magazine article explains how keeping a tidy desk can make busy days easier to manage. Experts recommend simple steps that are easy to repeat.
The magazine article explains how keeping a tidy desk can make busy days feel more manageable. Experts recommend choosing simple steps that are easy to repeat.,Very Simple,The magazine article explains how keeping a tidy desk can make busy days feel more manageable. Experts recommend choosing simple steps that are easy to repeat.
The magazine article explains how planning meals ahead can improve energy and concentration over time. The article suggests starting with one small habit instead of changing everything at once.,Moderate,The article says planning food early can help people feel better and think better. The article says to start with one small habit.
The magazine article explains how planning meals ahead can improve energy and concentration over time. The article suggests starting with one small habit instead of changing everything at once.,Light,The magazine article explains how planning meals ahead can improve energy and focus over time. The article suggests starting with one small habit instead of changing everything at once.
The magazine article explains how planning meals ahead can improve energy and concentration over time. The article suggests starting with one small habit instead of changing everything at once.,Very Simple,The magazine article explains how planning meals ahead can improve energy and concentration over time. The article suggests starting with one small habit instead of changing everything at once.
The magazine article explains how planning meals ahead can make busy days feel more manageable. Experts recommend choosing simple steps that are easy to repeat.,Moderate,The article says planning food early can make busy days easier. Experts say to choose easy steps.
The magazine article explains how planning meals ahead can make busy days feel more manageable. Experts recommend choosing simple steps that are easy to repeat.,Light,The magazine article explains how planning meals ahead can make busy days easier to manage. Experts recommend simple steps that are easy to repeat.
The magazine article explains how planning meals ahead can make busy days feel more manageable. Experts recommend choosing simple steps that are easy to repeat.,Very Simple,The magazine article explains how planning meals ahead can make busy days feel more manageable. Experts recommend choosing simple steps that are easy to repeat.
The magazine article explains how taking short walks can improve energy and concentration over time. The article suggests starting with one small habit instead of changing everything at once.,Moderate,The article says taking little walks can help people feel better and think better. The article says to start with one small habit.
The magazine article explains how taking short walks can improve energy and concentration over time. The article suggests starting with one small habit instead of changing everything at once.,Light,The magazine article explains how taking short walks can improve energy and focus over time. The article suggests starting with one small habit instead of changing everything at once.
The magazine article explains how taking short walks can improve energy and concentration over time. The article suggests starting with one small habit instead of changing everything at once.,Very Simple,The magazine article explains how taking short walks can improve energy and concentration over time. The article suggests starting with one small habit instead of changing everything at once.
The magazine article explains how taking short walks can make busy days feel more manageable. Experts recommend choosing simple steps that are easy to repeat.,Moderate,The article says taking little walks can make busy days easier. Experts say to choose easy steps.
The magazine article explains how taking short walks can make busy days feel more manageable. Experts recommend choosing simple steps that are easy to repeat.,Light,The magazine article explains how taking short walks can make busy days easier to manage. Experts recommend simple steps that are easy to repeat.
The magazine article explains how taking short walks can make busy days feel more manageable. Experts recommend choosing simple steps that are easy to repeat.,Very Simple,The magazine article explains how taking short walks can make busy days feel more manageable. Experts recommend choosing simple steps that are easy to repeat.
The magazine article explains how reading before bed can improve energy and concentration over time. The article suggests starting with one small habit instead of changing everything at once.,Moderate,The article says reading before bed can help people feel better and think better. The article says to start with one small habit.
The magazine article explains how reading before bed can improve energy and concentration over time. The article suggests starting with one small habit instead of changing everything at once.,Light,The magazine article explains how reading before bed can improve energy and focus over time. The article suggests starting with one small habit instead of changing everything at once.
The magazine article explains how reading before bed can improve energy and concentration over time. The article suggests starting with one small habit instead of changing everything at once.,Very Simple,The magazine article explains how reading before bed can improve energy and concentration over time. The article suggests starting with one small habit instead of changing everything at once.
The magazine article explains how reading before bed can make busy days feel more manageable. Experts recommend choosing simple steps that are easy to repeat.,Moderate,The article says reading before bed can make busy days easier. Experts say to choose easy steps.
The magazine article explains how reading before bed can make busy days feel more manageable. Experts recommend choosing simple steps that are easy to repeat.,Light,The magazine article explains how reading before bed can make busy days easier to manage. Experts recommend simple steps that are easy to repeat.
The magazine article explains how reading before bed can make busy days feel more manageable. Experts recommend choosing simple steps that are easy to repeat.,Very Simple,The magazine article explains how reading before bed can make busy days feel more manageable. Experts recommend choosing simple steps that are easy to repeat.
The magazine article explains how saving small amounts of money can improve energy and concentration over time. The article suggests starting with one small habit instead of changing everything at once.,Moderate,The article says saving a little money can help people feel better and think better. The article says to start with one small habit.
The magazine article explains how saving small amounts of money can improve energy and concentration over time. The article suggests starting with one small habit instead of changing everything at once.,Light,The magazine article explains how saving small amounts of money can improve energy and focus over time. The article suggests starting with one small habit instead of changing everything at once.
The magazine article explains how saving small amounts of money can improve energy and concentration over time. The article suggests starting with one small habit instead of changing everything at once.,Very Simple,The magazine article explains how saving small amounts of money can improve energy and concentration over time. The article suggests starting with one small habit instead of changing everything at once.
The magazine article explains how saving small amounts of money can make busy days feel more manageable. Experts recommend choosing simple steps that are easy to repeat.,Moderate,The article says saving a little money can make busy days easier. Experts say to choose easy steps.
The magazine article explains how saving small amounts of money can make busy days feel more manageable. Experts recommend choosing simple steps that are easy to repeat.,Light,The magazine article explains how saving small amounts of money can make busy days easier to manage. Experts recommend simple steps that are easy to repeat.
The magazine article explains how saving small amounts of money can make busy days feel more manageable. Experts recommend choosing simple steps that are easy to repeat.,Very Simple,The magazine article explains how saving small amounts of money can make busy days feel more manageable. Experts recommend choosing simple steps that are easy to repeat.
The magazine article explains how using less plastic can improve energy and concentration over time. The article suggests starting with one small habit instead of changing everything at once.,Moderate,The article says using less plastic can help people feel better and think better. The article says to start with one small habit.
The magazine article explains how using less plastic can improve energy and concentration over time. The article suggests starting with one small habit instead of changing everything at once.,Light,The magazine article explains how using less plastic can improve energy and focus over time. The article suggests starting with one small habit instead of changing everything at once.
The magazine article explains how using less plastic can improve energy and concentration over time. The article suggests starting with one small habit instead of changing everything at once.,Very Simple,The magazine article explains how using less plastic can improve energy and concentration over time. The article suggests starting with one small habit instead of changing everything at once.
The magazine article explains how using less plastic can make busy days feel more manageable. Experts recommend choosing simple steps that are easy to repeat.,Moderate,The article says using less plastic can make busy days easier. Experts say to choose easy steps.
The magazine article explains how using less plastic can make busy days feel more manageable. Experts recommend choosing simple steps that are easy to repeat.,Light,The magazine article explains how using less plastic can make busy days easier to manage. Experts recommend simple steps that are easy to repeat.
The magazine article explains how using less plastic can make busy days feel more manageable. Experts recommend choosing simple steps that are easy to repeat.,Very Simple,The magazine article explains how using less plastic can make busy days feel more manageable. Experts recommend choosing simple steps that are easy to repeat.
The magazine article explains how stretching after study time can improve energy and concentration over time. The article suggests starting with one small habit instead of changing everything at once.,Moderate,The article says stretching after study can help people feel better and think better. The article says to start with one small habit.
The magazine article explains how stretching after study time can improve energy and concentration over time. The article suggests starting with one small habit instead of changing everything at once.,Light,The magazine article explains how stretching after study time can improve energy and focus over time. The article suggests starting with one small habit instead of changing everything at once.
The magazine article explains how stretching after study time can improve energy and concentration over time. The article suggests starting with one small habit instead of changing everything at once.,Very Simple,The magazine article explains how stretching after study time can improve energy and concentration over time. The article suggests starting with one small habit instead of changing everything at once.
The magazine article explains how stretching after study time can make busy days feel more manageable. Experts recommend choosing simple steps that are easy to repeat.,Moderate,The article says stretching after study can make busy days easier. Experts say to choose easy steps.
The magazine article explains how stretching after study time can make busy days feel more manageable. Experts recommend choosing simple steps that are easy to repeat.,Light,The magazine article explains how stretching after study time can make busy days easier to manage. Experts recommend simple steps that are easy to repeat.
The magazine article explains how stretching after study time can make busy days feel more manageable. Experts recommend choosing simple steps that are easy to repeat.,Very Simple,The magazine article explains how stretching after study time can make busy days feel more manageable. Experts recommend choosing simple steps that are easy to repeat.
The magazine article explains how organizing school supplies can improve energy and concentration over time. The article suggests starting with one small habit instead of changing everything at once.,Moderate,The article says putting school things in order can help people feel better and think better. The article says to start with one small habit.
The magazine article explains how organizing school supplies can improve energy and concentration over time. The article suggests starting with one small habit instead of changing everything at once.,Light,The magazine article explains how organizing school supplies can improve energy and focus over time. The article suggests starting with one small habit instead of changing everything at once.
The magazine article explains how organizing school supplies can improve energy and concentration over time. The article suggests starting with one small habit instead of changing everything at once.,Very Simple,The magazine article explains how organizing school supplies can improve energy and concentration over time. The article suggests starting with one small habit instead of changing everything at once.
The magazine article explains how organizing school supplies can make busy days feel more manageable. Experts recommend choosing simple steps that are easy to repeat.,Moderate,The article says putting school things in order can make busy days easier. Experts say to choose easy steps.
The magazine article explains how organizing school supplies can make busy days feel more manageable. Experts recommend choosing simple steps that are easy to repeat.,Light,The magazine article explains how organizing school supplies can make busy days easier to manage. Experts recommend simple steps that are easy to repeat.
The magazine article explains how organizing school supplies can make busy days feel more manageable. Experts recommend choosing simple steps that are easy to repeat.,Very Simple,The magazine article explains how organizing school supplies can make busy days feel more manageable. Experts recommend choosing simple steps that are easy to repeat.
The science class worked together to complete a challenging assignment. Their teacher encouraged them to explain their ideas clearly.,Moderate,The science class worked together on a hard job. Their teacher said to share ideas clearly.
The science class worked together to complete a challenging assignment. Their teacher encouraged them to explain their ideas clearly.,Light,The science class worked together to finish a challenging assignment. Their teacher encouraged them to explain their ideas clearly.
The science class worked together to complete a challenging assignment. Their teacher encouraged them to explain their ideas clearly.,Very Simple,The science class worked together to complete a challenging assignment. Their teacher encouraged them to explain their ideas clearly.
The science class reviewed the project carefully before presenting it. The students felt more confident after practicing together.,Moderate,The science class checked the project before showing it. The students felt better after practicing.
The science class reviewed the project carefully before presenting it. The students felt more confident after practicing together.,Light,The science class reviewed the project carefully before presenting it. The students felt more confident after practicing together.
The science class reviewed the project carefully before presenting it. The students felt more confident after practicing together.,Very Simple,The science class reviewed the project carefully before presenting it. The students felt more confident after practicing together.
The history group worked together to complete a challenging assignment. Their teacher encouraged them to explain their ideas clearly.,Moderate,The history group worked together on a hard job. Their teacher said to share ideas clearly.
The history group worked together to complete a challenging assignment. Their teacher encouraged them to explain their ideas clearly.,Very Simple,The history group worked together to finish a challenging assignment. Their teacher encouraged them to explain their ideas clearly.
The history group worked together to complete a challenging assignment. Their teacher encouraged them to explain their ideas clearly.,Moderate,The history group worked together to complete a challenging assignment. Their teacher encouraged them to explain their ideas clearly.
The history group reviewed the project carefully before presenting it. The students felt more confident after practicing together.,Light,The history group checked the project before showing it. The students felt better after practicing.
The history group reviewed the project carefully before presenting it. The students felt more confident after practicing together.,Very Simple,The history group reviewed the project carefully before presenting it. The students felt more confident after practicing together.
The history group reviewed the project carefully before presenting it. The students felt more confident after practicing together.,Moderate,The history group reviewed the project carefully before presenting it. The students felt more confident after practicing together.
The reading club worked together to complete a challenging assignment. Their teacher encouraged them to explain their ideas clearly.,Light,The reading club worked together on a hard job. Their teacher said to share ideas clearly.
The reading club worked together to complete a challenging assignment. Their teacher encouraged them to explain their ideas clearly.,Very Simple,The reading club worked together to finish a challenging assignment. Their teacher encouraged them to explain their ideas clearly.
The reading club worked together to complete a challenging assignment. Their teacher encouraged them to explain their ideas clearly.,Moderate,The reading club worked together to complete a challenging assignment. Their teacher encouraged them to explain their ideas clearly.
The reading club reviewed the project carefully before presenting it. The students felt more confident after practicing together.,Light,The reading club checked the project before showing it. The students felt better after practicing.
The reading club reviewed the project carefully before presenting it. The students felt more confident after practicing together.,Very Simple,The reading club reviewed the project carefully before presenting it. The students felt more confident after practicing together.
The reading club reviewed the project carefully before presenting it. The students felt more confident after practicing together.,Moderate,The reading club reviewed the project carefully before presenting it. The students felt more confident after practicing together.
The math team worked together to complete a challenging assignment. Their teacher encouraged them to explain their ideas clearly.,Light,The math team worked together on a hard job. Their teacher said to share ideas clearly.
The math team worked together to complete a challenging assignment. Their teacher encouraged them to explain their ideas clearly.,Very Simple,The math team worked together to finish a challenging assignment. Their teacher encouraged them to explain their ideas clearly.
The math team worked together to complete a challenging assignment. Their teacher encouraged them to explain their ideas clearly.,Moderate,The math team worked together to complete a challenging assignment. Their teacher encouraged them to explain their ideas clearly.
The math team reviewed the project carefully before presenting it. The students felt more confident after practicing together.,Light,The math team checked the project before showing it. The students felt better after practicing.
The math team reviewed the project carefully before presenting it. The students felt more confident after practicing together.,Very Simple,The math team reviewed the project carefully before presenting it. The students felt more confident after practicing together.
The math team reviewed the project carefully before presenting it. The students felt more confident after practicing together.,Moderate,The math team reviewed the project carefully before presenting it. The students felt more confident after practicing together.
The art class worked together to complete a challenging assignment. Their teacher encouraged them to explain their ideas clearly.,Light,The art class worked together on a hard job. Their teacher said to share ideas clearly.
The art class worked together to complete a challenging assignment. Their teacher encouraged them to explain their ideas clearly.,Very Simple,The art class worked together to finish a challenging assignment. Their teacher encouraged them to explain their ideas clearly.
The art class worked together to complete a challenging assignment. Their teacher encouraged them to explain their ideas clearly.,Moderate,The art class worked together to complete a challenging assignment. Their teacher encouraged them to explain their ideas clearly.
The art class reviewed the project carefully before presenting it. The students felt more confident after practicing together.,Light,The art class checked the project before showing it. The students felt better after practicing.
The art class reviewed the project carefully before presenting it. The students felt more confident after practicing together.,Very Simple,The art class reviewed the project carefully before presenting it. The students felt more confident after practicing together.
The art class reviewed the project carefully before presenting it. The students felt more confident after practicing together.,Moderate,The art class reviewed the project carefully before presenting it. The students felt more confident after practicing together.
The music group worked together to complete a challenging assignment. Their teacher encouraged them to explain their ideas clearly.,Light,The music group worked together on a hard job. Their teacher said to share ideas clearly.
The music group worked together to complete a challenging assignment. Their teacher encouraged them to explain their ideas clearly.,Very Simple,The music group worked together to finish a challenging assignment. Their teacher encouraged them to explain their ideas clearly.
The music group worked together to complete a challenging assignment. Their teacher encouraged them to explain their ideas clearly.,Moderate,The music group worked together to complete a challenging assignment. Their teacher encouraged them to explain their ideas clearly.
The music group reviewed the project carefully before presenting it. The students felt more confident after practicing together.,Light,The music group checked the project before showing it. The students felt better after practicing.
The music group reviewed the project carefully before presenting it. The students felt more confident after practicing together.,Very Simple,The music group reviewed the project carefully before presenting it. The students felt more confident after practicing together.
The music group reviewed the project carefully before presenting it. The students felt more confident after practicing together.,Moderate,The music group reviewed the project carefully before presenting it. The students felt more confident after practicing together.
The debate club worked together to complete a challenging assignment. Their teacher encouraged them to explain their ideas clearly.,Light,The speaking club worked together on a hard job. Their teacher said to share ideas clearly.
The debate club worked together to complete a challenging assignment. Their teacher encouraged them to explain their ideas clearly.,Very Simple,The debate club worked together to finish a challenging assignment. Their teacher encouraged them to explain their ideas clearly.
The debate club worked together to complete a challenging assignment. Their teacher encouraged them to explain their ideas clearly.,Moderate,The debate club worked together to complete a challenging assignment. Their teacher encouraged them to explain their ideas clearly.
The debate club reviewed the project carefully before presenting it. The students felt more confident after practicing together.,Light,The speaking club checked the project before showing it. The students felt better after practicing.
The debate club reviewed the project carefully before presenting it. The students felt more confident after practicing together.,Very Simple,The debate club reviewed the project carefully before presenting it. The students felt more confident after practicing together.
The debate club reviewed the project carefully before presenting it. The students felt more confident after practicing together.,Moderate,The debate club reviewed the project carefully before presenting it. The students felt more confident after practicing together.
The coding class worked together to complete a challenging assignment. Their teacher encouraged them to explain their ideas clearly.,Light,The coding class worked together on a hard job. Their teacher said to share ideas clearly.
The coding class worked together to complete a challenging assignment. Their teacher encouraged them to explain their ideas clearly.,Very Simple,The coding class worked together to finish a challenging assignment. Their teacher encouraged them to explain their ideas clearly.
The coding class worked together to complete a challenging assignment. Their teacher encouraged them to explain their ideas clearly.,Moderate,The coding class worked together to complete a challenging assignment. Their teacher encouraged them to explain their ideas clearly.
The coding class reviewed the project carefully before presenting it. The students felt more confident after practicing together.,Light,The coding class checked the project before showing it. The students felt better after practicing.
The coding class reviewed the project carefully before presenting it. The students felt more confident after practicing together.,Very Simple,The coding class reviewed the project carefully before presenting it. The students felt more confident after practicing together.
The coding class reviewed the project carefully before presenting it. The students felt more confident after practicing together.,Moderate,The coding class reviewed the project carefully before presenting it. The students felt more confident after practicing together.
The language class worked together to complete a challenging assignment. Their teacher encouraged them to explain their ideas clearly.,Light,The language class worked together on a hard job. Their teacher said to share ideas clearly.
The language class worked together to complete a challenging assignment. Their teacher encouraged them to explain their ideas clearly.,Very Simple,The language class worked together to finish a challenging assignment. Their teacher encouraged them to explain their ideas clearly.
The language class worked together to complete a challenging assignment. Their teacher encouraged them to explain their ideas clearly.,Moderate,The language class worked together to complete a challenging assignment. Their teacher encouraged them to explain their ideas clearly.
The language class reviewed the project carefully before presenting it. The students felt more confident after practicing together.,Light,The language class checked the project before showing it. The students felt better after practicing.
The language class reviewed the project carefully before presenting it. The students felt more confident after practicing together.,Very Simple,The language class reviewed the project carefully before presenting it. The students felt more confident after practicing together.
The language class reviewed the project carefully before presenting it. The students felt more confident after practicing together.,Moderate,The language class reviewed the project carefully before presenting it. The students felt more confident after practicing together.
The student council worked together to complete a challenging assignment. Their teacher encouraged them to explain their ideas clearly.,Light,The student group worked together on a hard job. Their teacher said to share ideas clearly.
The student council worked together to complete a challenging assignment. Their teacher encouraged them to explain their ideas clearly.,Very Simple,The student council worked together to finish a challenging assignment. Their teacher encouraged them to explain their ideas clearly.
The student council worked together to complete a challenging assignment. Their teacher encouraged them to explain their ideas clearly.,Moderate,The student council worked together to complete a challenging assignment. Their teacher encouraged them to explain their ideas clearly.
The student council reviewed the project carefully before presenting it. The students felt more confident after practicing together.,Light,The student group checked the project before showing it. The students felt better after practicing.
The student council reviewed the project carefully before presenting it. The students felt more confident after practicing together.,Very Simple,The student council reviewed the project carefully before presenting it. The students felt more confident after practicing together.
The student council reviewed the project carefully before presenting it. The students felt more confident after practicing together.,Moderate,The student council reviewed the project carefully before presenting it. The students felt more confident after practicing together.
The project team identified several problems during the review. They created a simple plan to solve the most important issue first.,Light,The team found some problems while checking. They made a plan to fix the biggest problem first.
The project team identified several problems during the review. They created a simple plan to solve the most important issue first.,Very Simple,The project team found several problems during the review. They made a simple plan to solve the most important issue first.
The project team identified several problems during the review. They created a simple plan to solve the most important issue first.,Moderate,The project team identified several problems during the review. They created a simple plan to solve the most important issue first.
The project team improved the process after collecting feedback. The changes helped everyone complete their tasks more easily.,Light,The team made the work better after hearing ideas. The changes helped everyone do their jobs.
The project team improved the process after collecting feedback. The changes helped everyone complete their tasks more easily.,Very Simple,The project team improved the process after collecting feedback. The changes helped everyone complete their tasks more easily.
The project team improved the process after collecting feedback. The changes helped everyone complete their tasks more easily.,Moderate,The project team improved the process after collecting feedback. The changes helped everyone complete their tasks more easily.
The support staff identified several problems during the review. They created a simple plan to solve the most important issue first.,Light,The helpers found some problems while checking. They made a plan to fix the biggest problem first.
The support staff identified several problems during the review. They created a simple plan to solve the most important issue first.,Very Simple,The support staff found several problems during the review. They made a simple plan to solve the most important issue first.
The support staff identified several problems during the review. They created a simple plan to solve the most important issue first.,Moderate,The support staff identified several problems during the review. They created a simple plan to solve the most important issue first.
The support staff improved the process after collecting feedback. The changes helped everyone complete their tasks more easily.,Light,The helpers made the work better after hearing ideas. The changes helped everyone do their jobs.
The support staff improved the process after collecting feedback. The changes helped everyone complete their tasks more easily.,Very Simple,The support staff improved the process after collecting feedback. The changes helped everyone complete their tasks more easily.
The support staff improved the process after collecting feedback. The changes helped everyone complete their tasks more easily.,Moderate,The support staff improved the process after collecting feedback. The changes helped everyone complete their tasks more easily.
The design group identified several problems during the review. They created a simple plan to solve the most important issue first.,Light,The design group found some problems while checking. They made a plan to fix the biggest problem first.
The design group identified several problems during the review. They created a simple plan to solve the most important issue first.,Very Simple,The design group found several problems during the review. They made a simple plan to solve the most important issue first.
The design group identified several problems during the review. They created a simple plan to solve the most important issue first.,Moderate,The design group identified several problems during the review. They created a simple plan to solve the most important issue first.
The design group improved the process after collecting feedback. The changes helped everyone complete their tasks more easily.,Very Simple,The design group made the work better after hearing ideas. The changes helped everyone do their jobs.
The design group improved the process after collecting feedback. The changes helped everyone complete their tasks more easily.,Moderate,The design group improved the process after collecting feedback. The changes helped everyone complete their tasks more easily.
The design group improved the process after collecting feedback. The changes helped everyone complete their tasks more easily.,Light,The design group improved the process after collecting feedback. The changes helped everyone complete their tasks more easily.
The planning committee identified several problems during the review. They created a simple plan to solve the most important issue first.,Very Simple,The planning group found some problems while checking. They made a plan to fix the biggest problem first.
The planning committee identified several problems during the review. They created a simple plan to solve the most important issue first.,Moderate,The planning committee found several problems during the review. They made a simple plan to solve the most important issue first.
The planning committee identified several problems during the review. They created a simple plan to solve the most important issue first.,Light,The planning committee identified several problems during the review. They created a simple plan to solve the most important issue first.
The planning committee improved the process after collecting feedback. The changes helped everyone complete their tasks more easily.,Very Simple,The planning group made the work better after hearing ideas. The changes helped everyone do their jobs.
The planning committee improved the process after collecting feedback. The changes helped everyone complete their tasks more easily.,Moderate,The planning committee improved the process after collecting feedback. The changes helped everyone complete their tasks more easily.
The planning committee improved the process after collecting feedback. The changes helped everyone complete their tasks more easily.,Light,The planning committee improved the process after collecting feedback. The changes helped everyone complete their tasks more easily.
The research team identified several problems during the review. They created a simple plan to solve the most important issue first.,Very Simple,The research team found some problems while checking. They made a plan to fix the biggest problem first.
The research team identified several problems during the review. They created a simple plan to solve the most important issue first.,Moderate,The research team found several problems during the review. They made a simple plan to solve the most important issue first.
The research team identified several problems during the review. They created a simple plan to solve the most important issue first.,Light,The research team identified several problems during the review. They created a simple plan to solve the most important issue first.
The research team improved the process after collecting feedback. The changes helped everyone complete their tasks more easily.,Very Simple,The research team made the work better after hearing ideas. The changes helped everyone do their jobs.
The research team improved the process after collecting feedback. The changes helped everyone complete their tasks more easily.,Moderate,The research team improved the process after collecting feedback. The changes helped everyone complete their tasks more easily.
The research team improved the process after collecting feedback. The changes helped everyone complete their tasks more easily.,Light,The research team improved the process after collecting feedback. The changes helped everyone complete their tasks more easily.
The event organizers identified several problems during the review. They created a simple plan to solve the most important issue first.,Very Simple,The event helpers found some problems while checking. They made a plan to fix the biggest problem first.
The event organizers identified several problems during the review. They created a simple plan to solve the most important issue first.,Moderate,The event organizers found several problems during the review. They made a simple plan to solve the most important issue first.
The event organizers identified several problems during the review. They created a simple plan to solve the most important issue first.,Light,The event organizers identified several problems during the review. They created a simple plan to solve the most important issue first.
The event organizers improved the process after collecting feedback. The changes helped everyone complete their tasks more easily.,Very Simple,The event helpers made the work better after hearing ideas. The changes helped everyone do their jobs.
The event organizers improved the process after collecting feedback. The changes helped everyone complete their tasks more easily.,Moderate,The event organizers improved the process after collecting feedback. The changes helped everyone complete their tasks more easily.
The event organizers improved the process after collecting feedback. The changes helped everyone complete their tasks more easily.,Light,The event organizers improved the process after collecting feedback. The changes helped everyone complete their tasks more easily.
The training team identified several problems during the review. They created a simple plan to solve the most important issue first.,Very Simple,The training team found some problems while checking. They made a plan to fix the biggest problem first.
The training team identified several problems during the review. They created a simple plan to solve the most important issue first.,Moderate,The training team found several problems during the review. They made a simple plan to solve the most important issue first.
The training team identified several problems during the review. They created a simple plan to solve the most important issue first.,Light,The training team identified several problems during the review. They created a simple plan to solve the most important issue first.
The training team improved the process after collecting feedback. The changes helped everyone complete their tasks more easily.,Very Simple,The training team made the work better after hearing ideas. The changes helped everyone do their jobs.
The training team improved the process after collecting feedback. The changes helped everyone complete their tasks more easily.,Moderate,The training team improved the process after collecting feedback. The changes helped everyone complete their tasks more easily.
The training team improved the process after collecting feedback. The changes helped everyone complete their tasks more easily.,Light,The training team improved the process after collecting feedback. The changes helped everyone complete their tasks more easily.
The customer service group identified several problems during the review. They created a simple plan to solve the most important issue first.,Very Simple,The customer helpers found some problems while checking. They made a plan to fix the biggest problem first.
The customer service group identified several problems during the review. They created a simple plan to solve the most important issue first.,Moderate,The customer service group found several problems during the review. They made a simple plan to solve the most important issue first.
The customer service group identified several problems during the review. They created a simple plan to solve the most important issue first.,Light,The customer service group identified several problems during the review. They created a simple plan to solve the most important issue first.
The customer service group improved the process after collecting feedback. The changes helped everyone complete their tasks more easily.,Very Simple,The customer helpers made the work better after hearing ideas. The changes helped everyone do their jobs.
The customer service group improved the process after collecting feedback. The changes helped everyone complete their tasks more easily.,Moderate,The customer service group improved the process after collecting feedback. The changes helped everyone complete their tasks more easily.
The customer service group improved the process after collecting feedback. The changes helped everyone complete their tasks more easily.,Light,The customer service group improved the process after collecting feedback. The changes helped everyone complete their tasks more easily.
The quality team identified several problems during the review. They created a simple plan to solve the most important issue first.,Very Simple,The quality team found some problems while checking. They made a plan to fix the biggest problem first.
The quality team identified several problems during the review. They created a simple plan to solve the most important issue first.,Moderate,The quality team found several problems during the review. They made a simple plan to solve the most important issue first.
The quality team identified several problems during the review. They created a simple plan to solve the most important issue first.,Light,The quality team identified several problems during the review. They created a simple plan to solve the most important issue first.
The quality team improved the process after collecting feedback. The changes helped everyone complete their tasks more easily.,Very Simple,The quality team made the work better after hearing ideas. The changes helped everyone do their jobs.
The quality team improved the process after collecting feedback. The changes helped everyone complete their tasks more easily.,Moderate,The quality team improved the process after collecting feedback. The changes helped everyone complete their tasks more easily.
The quality team improved the process after collecting feedback. The changes helped everyone complete their tasks more easily.,Light,The quality team improved the process after collecting feedback. The changes helped everyone complete their tasks more easily.
The technology team identified several problems during the review. They created a simple plan to solve the most important issue first.,Very Simple,The technology team found some problems while checking. They made a plan to fix the biggest problem first.
The technology team identified several problems during the review. They created a simple plan to solve the most important issue first.,Moderate,The technology team found several problems during the review. They made a simple plan to solve the most important issue first.
The technology team identified several problems during the review. They created a simple plan to solve the most important issue first.,Light,The technology team identified several problems during the review. They created a simple plan to solve the most important issue first.
The technology team improved the process after collecting feedback. The changes helped everyone complete their tasks more easily.,Very Simple,The technology team made the work better after hearing ideas. The changes helped everyone do their jobs.
The technology team improved the process after collecting feedback. The changes helped everyone complete their tasks more easily.,Moderate,The technology team improved the process after collecting feedback. The changes helped everyone complete their tasks more easily.
The technology team improved the process after collecting feedback. The changes helped everyone complete their tasks more easily.,Light,The technology team improved the process after collecting feedback. The changes helped everyone complete their tasks more easily.
